address,balance_raw,balance_decimal,is_pool,pool_label,tx_count,first_seen_block,last_seen_block,query_timestamp
0x000000000004444c5dc75cB358380D2e3dE08A90,1123113600006262421575,1123.1136,False,,595,25003546,25003999,1784895933
0x9642b23Ed1E01Df1092B92641051881a322F5D4E,94642449081781254041,94.642449,False,,13,25003791,25003953,1784895933
0x4Ff1D40fb7B56665bf95D8D8e3A5320dE46709A1,49490179228055465778,49.490179,False,,3,25003700,25003886,1784895933
0x7b6a9f41c68b5Fb037699376F283B02Cd0012D16,18031990068678733834,18.03199,False,,3,25003609,25003764,1784895933
0xfE8e9273aB86B12C0102202F3DaA073Eb14a509F,12321169266154250219,12.321169,False,,2,25003793,25003896,1784895933
0xa673e962941E0F87CE557989cbc7901560d349D6,7413463310383497059,7.413463,False,,2,25003850,25003867,1784895933
0x2102202E25c69F14e0E1a2915CFd5b74Db30594a,5022835587858397334,5.022836,False,,1,25003788,25003788,1784895933
0xdc893995d488E5BE8eC8CA1Db92CBEc2a1ab0775,5004748508099679872,5.004749,True,UNISWAP V3,231,25003548,25004000,1784895933
0xf5eA7526473d5d95c9c956d29A098661F2A46728,4912259755881980156,4.91226,False,,3,25003938,25003938,1784895933
0x662d5DFE4039cC69412654C818aD0F7352C3F5F1,4133563944973840815,4.133564,False,,2,25003985,25003985,1784895933
0x570C16Baff38D218859de956A49D880819666F36,4036135991117267518,4.036136,False,,1,25003843,25003843,1784895933
0xae5b9D2bCAEdAbfeb2bEc1c498Bb550ccaaa2eFc,3183931656985680322,3.183932,False,,1,25003994,25003994,1784895933
0x88a652ed8FD3CA27Ff2CADA4BD1BA027A3A84D05,2876119670616624131,2.87612,False,,2,25003868,25003868,1784895933
0x1bfFC3E2eCB31192e98CAd276Bc8B180bb8617B7,2108354885726020618,2.108355,False,,2,25003596,25003708,1784895933
0x8941dFb218A9DDeaB59e66441EDf8F11DD29192F,2013343306880713837,2.013343,False,,2,25003706,25003706,1784895933
0xfA9baCD043eCf8c1cC07cfbaf760135AEE05567E,1881000000000000000,1.881,False,,1,25003974,25003974,1784895933
0xD730B101790e90051Ee2dB099Ac8Ee2c160d210c,1394500072656322506,1.3945,False,,23,25003808,25003842,1784895933
0x989b473579b938fFC956C6d12A01Ad53C0953329,1283221806680494371,1.283222,False,,1,25003749,25003749,1784895933
0x5F1C5951c5B1cC112bA9E89B9467edca33063453,1239204968196432560,1.239205,False,,5,25003842,25003934,1784895933
0x7D92e04813d13AAF2E2853c341a19a3Db92DBe5a,1179902807322970694,1.179903,False,,1,25003799,25003799,1784895933
0x0Ac277B643dA45329D6779C7897688D87ac29A7A,1099963246500652416,1.099963,False,,1,25003693,25003693,1784895933
0x617e24fcdF3e283Cf374E950918ecB960253FFB2,1064833293536493155,1.064833,False,,3,25003874,25003874,1784895933
0x95974B05b72921B6622731e1EDBb43eF398E0fCF,1000000000000000000,1.0,False,,2,25003807,25003826,1784895933
0x06a2140026cAa073D2EF3B62A659E94FA70fDDf1,790784023907389078,0.790784,False,,1,25003790,25003790,1784895933
0x5AaFc1f252d544f744d17a4E734afd6efC47edE4,773007992774642155,0.773008,False,,5,25003797,25003964,1784895933
0xd862CDcfEB856C32B3C4F7563f4811D8Ddfd42e2,667223514018514408,0.667224,False,,6,25003788,25003836,1784895933
0x88538812e41b89689f5e23871ef5d5CE2be0F987,647046876286204029,0.647047,False,,22,25003626,25003844,1784895933
0xcD6b980029E6E6e0733ac8eC3E02be9410D09799,609124221640398359,0.609124,False,,7,25003611,25003913,1784895933
0xb77C8a50586eC4e77e67122768B09A15e33FaD29,487696190207308712,0.487696,False,,1,25003802,25003802,1784895933
0xAaD2a00550C1C829f360094d1c643e05C2cB99ff,398161781229828850,0.398162,False,,1,25003612,25003612,1784895933
0xaB58c5A29Fe58Ca841DC98fBbC4b9A5903942950,381418816792274826,0.381419,False,,4,25003867,25003867,1784895933
0x62D63eFDFdc7804666725f4Cc8Cb45C1A41A0809,315286133748305413,0.315286,False,,1,25003940,25003940,1784895933
0x569F26Ed3FF322edA22A9650cFCd05E9E8152DF8,197146049871158632,0.197146,False,,1,25003957,25003957,1784895933
0x07964f135f276412b3182a3B2407b8dd45000000,161875243994351025,0.161875,False,,6,25003721,25003846,1784895933
0xB06184E76AA62c078a3a58C00E0C44a5DCffA5ab,105169820364290684,0.10517,False,,1,25003879,25003879,1784895933
0xde7259893Af7cdbC9fD806c6ba61D22D581d5667,69349611247855562,0.06935,False,,6,25003807,25003992,1784895933
0x7019d1b89abdca70bD753B0c8C7066E0Ff41aC5c,49608433798606264,0.049608,False,,1,25003946,25003946,1784895933
0x4a8762e8137e389ACEC01EB375d126D142272bFf,45052033617186208,0.045052,False,,1,25003966,25003966,1784895933
0xF55c02b021f91752521C0cB74303565f25BAcCb1,43419385370090994,0.043419,False,,1,25003857,25003857,1784895933
0xFAD4c8F1e71E4c56B87733BD916FF7CfF46c6C29,33555091467919145,0.033555,False,,4,25003664,25003918,1784895933
0x48b51287FB5281EA0913100809C3b7f1649C7996,32638024545243950,0.032638,False,,2,25003850,25003867,1784895933
0x21ff5cf76f562c6fb3871b59133a9E214eBc0078,32553214288744495,0.032553,True,UNISWAP V2,0,25003546,25004000,1784895933
0xA4d9D7068d84bbDF2E3Caf1bBF2e1135BCD41984,29867668619569983,0.029868,False,,1,25003556,25003556,1784895933
0xC06ebbefD94032B85424D51906e2A335EFAe264B,28312843595181949,0.028313,False,,6,25003556,25003918,1784895933
0x81463B0f960f247f704377661ec81C1fd65b5128,13480603234671883,0.013481,False,,8,25003678,25003818,1784895933
0xcdeac38DC448D16997F8D3F4486f78d3f6b0dDC9,13352054724259434,0.013352,False,,1,25003717,25003717,1784895933
0xd8E80048130743183acb0F6b17170AEa6bFdBab4,11342996824117139,0.011343,False,,1,25003968,25003968,1784895933
0x7059A9f16dd2405AeF3Dd4f70a89127Ce577a890,3685737296018430,0.003686,True,UNISWAP V3,0,25003546,25004000,1784895933
0x3A5eEDc432B6FB0e5eEdF206b63F7D9334989309,2960981980953239,0.002961,False,,2,25003876,25003876,1784895933
0x1731431E8cb97B0826275F8Ca35a2f2cE9F0CF93,2849782317468452,0.00285,False,,1,25003556,25003556,1784895933
0x03588d14a7Aff8a566Afd539A4B44CdECCa00fDB,1472332525192309,0.001472,False,,4,25003843,25003985,1784895933
0xEDC6531B10297788CBb0fcFAEE904a3803D3E2e4,1012420678942846,0.001012,False,,1,25003836,25003836,1784895933
0xaD01C20d5886137e056775af56915de824c8fCe5,432913990779434,0.000433,False,,1,25003841,25003841,1784895933
0x7AD4bdC94d4040b1B76CCab5458B4C6c5bc6F960,191852634313055,0.000192,False,,2,25003859,25003874,1784895933
0x7336Bc7430cabaA56339E8521b06ee9C3382e68C,100000000000000,0.0001,False,,4,25003788,25003836,1784895933
0xFeA2e2CE0D260144C75f3f96D16ebAfEE5Ba9FD3,90000072964693,9e-05,False,,1,25003980,25003980,1784895933
0xb1b2d032AA2F52347fbcfd08E5C3Cc55216E8404,16321207100851,1.6e-05,False,,3,25003826,25003836,1784895933
0x9830d373fBFE5daBF039071eCCdaFE4192ABd7A1,5531386801984,6e-06,False,,2,25003799,25003806,1784895933
0xAeEad20e455f69B3EeF4A7af17Fc0dda8C15BB51,3913122109046,4e-06,False,,1,25003836,25003836,1784895933
0xb5436C6Bc4260FD8909Ba36d0D3EB9176a99eAD8,3738438553276,4e-06,False,,3,25003898,25003898,1784895933
0x4BfA9680e9A3C23691135d3DC6C3D9Ec5d2B2B30,1411214616410,1e-06,False,,2,25003821,25003832,1784895933
0x8392876883Cf0e9e7ee24d9b1F606ED88644f23B,851503219099,1e-06,False,,6,25003881,25003949,1784895933
0x002D09751222078406A2c6FfeD463d43E05D364a,0,0.0,False,,2,25003572,25003591,1784895933
0x00b8f0c06c962d5e5796cBC301670F1ed95964Dc,0,0.0,False,,1,25003851,25003851,1784895933
0x0111Dcc6fc2dF10B1145FDCFEd2bCF1b1C00de91,0,0.0,False,,1,25003855,25003855,1784895933
0x023aB8e20a4682d315Daef4c91DB96bD77934D66,0,0.0,False,,3,25003688,25003706,1784895933
0x046e4C7B6dfAf5ee2C45714DFaC77ecaC3203a6c,0,0.0,False,,1,25003854,25003854,1784895933
0x04a281fE4c80DFD04b38Eaec7b9388DA061808AF,0,0.0,False,,1,25003923,25003923,1784895933
0x0504B6c68792c5E2E6aA75779DD09CE426a39ef9,0,0.0,False,,1,25003909,25003909,1784895933
0x05A50b3CD8349F786C7553c927B553545DBf9d33,7627241762,0.0,False,,1,25003893,25003893,1784895933
0x06CFf7088619C7178F5e14f0B119458d08d2f5ef,2,0.0,False,,8,25003788,25003965,1784895933
0x0799d03BEdC583145649C47cF9B8Acd1D76FB7bA,0,0.0,False,,1,25003849,25003849,1784895933
0x07dc98F9714Dc3BcB21dd1eE377253DdCdd10854,0,0.0,False,,2,25003868,25003868,1784895933
0x0833be979cB1A1Dc0EaaF98167c56f1b41776632,0,0.0,False,,3,25003717,25003742,1784895933
0x084c8b72D2643e48162103a5Ac0e324CA5194F8b,0,0.0,False,,6,25003880,25003970,1784895933
0x085cD4Ed123a7323E7413ddea3229de1fcc6c7ca,0,0.0,False,,1,25003866,25003866,1784895933
0x090a48553f734a1EB4b58eAcAe182a991b208087,0,0.0,False,,2,25003721,25003846,1784895933
0x0924ee61E78239992562F647e8e17f031810DA70,0,0.0,False,,1,25003914,25003914,1784895933
0x0A0cb20622DB73ea6E848e57b9a677A0B83664c9,0,0.0,False,,3,25003548,25003567,1784895933
0x0A9EF6eeE2aB15A88A888cd48068AB9ED528E77e,3611872504,0.0,False,,1,25003806,25003806,1784895933
0x0Ba05074c51178b64f3B2185C1346b3Afd9Cdca6,0,0.0,False,,4,25003970,25003989,1784895933
0x0D73723e987cDAA20695B3db50539F9490d60C2b,0,0.0,False,,1,25003920,25003920,1784895933
0x0E68543C8FbD0f6c96f0c9481125c265B0457A3C,0,0.0,False,,2,25003809,25003854,1784895933
0x0a9b1604453B41e84F1b28f5af31F28547796d0B,0,0.0,False,,1,25003982,25003982,1784895933
0x0d56D0f7d148b75af0527A5Cea73Ab926b59A190,0,0.0,False,,2,25003855,25003855,1784895933
0x0e4E8B9D84cf957a61b58Ab9AfD46fc51515872f,0,0.0,False,,1,25003921,25003921,1784895933
0x100ceB2AdCFdbd339A2926ea670298A91Ee3d501,0,0.0,False,,3,25003772,25003782,1784895933
0x106A403b2f6FBA4Cccb6Fb4FB2dC583dc3EFc6a3,0,0.0,False,,4,25003934,25003961,1784895933
0x10c5BC67bd88AEea42F9fBfD860a2b735333D675,0,0.0,False,,1,25003811,25003811,1784895933
0x111111125421cA6dc452d289314280a0f8842A65,0,0.0,False,,2,25003700,25003700,1784895933
0x115D731C7d556448EB4Dc8a1Aaa36A3D510443e0,0,0.0,False,,5,25003930,25004000,1784895933
0x1231DEB6f5749EF6cE6943a275A1D3E7486F4EaE,0,0.0,False,,63,25003556,25003992,1784895933
0x14014ae01E3D5a8Baea83FF9930a9AF7C2c6d209,0,0.0,False,,1,25003954,25003954,1784895933
0x1438D249d507A5C9374edB6d7e2F5185c9D003ff,0,0.0,False,,1,25003834,25003834,1784895933
0x14D6A8C651b5fC192B72d6813918792663Af00CE,0,0.0,False,,1,25003851,25003851,1784895933
0x14DC36f7EFbc8Ed73BdD4A9C9A2c0Ad22f0b1b2A,0,0.0,False,,1,25003619,25003619,1784895933
0x15E2CBb7Df22d15A40C7Bf6F5A3544FCd09C5F16,0,0.0,False,,4,25003843,25003992,1784895933
0x15f032be7Ae77C8046764b628117F5DD7bEDED16,0,0.0,False,,1,25003586,25003586,1784895933
0x1633D8c3F1Bf766C20DF49ea7A1f1D88fE68D646,0,0.0,False,,1,25003910,25003910,1784895933
0x163F3103De041d25464E2C8A4f8f3187EC1856E0,0,0.0,False,,154,25003626,25003973,1784895933
0x185634b095270d9b8699237A325684728a1f4372,0,0.0,False,,1,25003612,25003612,1784895933
0x18ab0452757f1dB22e0D30042Ae1A90eA771F028,0,0.0,False,,1,25003866,25003866,1784895933
0x190fb3B4118e5633820184fE9217049A88f07FCF,0,0.0,False,,2,25003706,25003710,1784895933
0x19eC47a33A3a92891043b4393d0aD472524721D3,0,0.0,False,,4,25003811,25003845,1784895933
0x19f6d4f62715Cfe62DA586CEE9BC87B1638a9515,0,0.0,False,,1,25003920,25003920,1784895933
0x1A135786FB8438533dec54A6E9C0aFA596E406aB,0,0.0,False,,1,25003980,25003980,1784895933
0x1A9C11bb8C884995ADD7E1E76a3C9e47A29f76c0,0,0.0,False,,1,25003678,25003678,1784895933
0x1C8A895EE42829429c05f624edbc1273e01893ed,0,0.0,False,,2,25003804,25003825,1784895933
0x1D3403d5B4cF207912473176B0d40441864DE6Be,0,0.0,False,,2,25003876,25003964,1784895933
0x1E2CA98F79751FF5dc7032D655377029a37D4B1D,0,0.0,False,,1,25003908,25003908,1784895933
0x1EBC7039e41d10E1c774b05C99369C2677a240Bd,0,0.0,False,,2,25003874,25003935,1784895933
0x1F8D22Ec5D6722A6ae19e2C3F7129aB9E24a9825,0,0.0,False,,1,25003818,25003818,1784895933
0x1b339A248ed98a23D56472Be4079B5b055A8BDaB,0,0.0,False,,1,25003905,25003905,1784895933
0x1c9caaf8d72d5735ee03062fD97b473a896fA491,0,0.0,False,,1,25003833,25003833,1784895933
0x1d5029220300B65921DAbA8Dd5C5bCb8833db17A,0,0.0,False,,1,25003678,25003678,1784895933
0x2074729D51A4E04bB5A0D4ce103fC017341e97D6,0,0.0,False,,2,25003911,25003936,1784895933
0x20c633D759E9FbB896D4bA4b3112508Df002188C,0,0.0,False,,2,25003817,25003820,1784895933
0x2409E95953e229a431d6C277D5408F48c3149be4,0,0.0,False,,1,25003947,25003947,1784895933
0x246e33656D6Ea870f6e21f50addA940c9cdb6f0C,0,0.0,False,,1,25003818,25003818,1784895933
0x2483a191dFC0d30cAe92626734e180dEB4F5b0A3,0,0.0,False,,4,25003719,25003722,1784895933
0x24f755a0a35b06352a7160bf9538E2273Cc6c35e,0,0.0,False,,2,25003934,25003937,1784895933
0x25DC525C134498AC7a4b56718373cF4478d37B19,0,0.0,False,,1,25003833,25003833,1784895933
0x27A2B15Ff573c91A5C47b295d85Fd64d57b41c17,0,0.0,False,,1,25003591,25003591,1784895933
0x283B9d1C97359b1F0052Fa80745CF9d4923eE8f1,0,0.0,False,,1,25003980,25003980,1784895933
0x28ADddf28006F26B500F916Cb3652aFeB98DD34B,1611094475,0.0,False,,1,25003999,25003999,1784895933
0x28E7E1f99d5Ac44764fBB7b9ed92bD174B28bBfD,0,0.0,False,,6,25003572,25003654,1784895933
0x28b1Dc1a5E3699A428BC51d234DFab7C9CB2a183,0,0.0,False,,10,25003548,25003567,1784895933
0x29d4CEbFDe3444fC5e6ADD53f2a6a03472739C08,0,0.0,False,,2,25003558,25003788,1784895933
0x2Cc3689d9C6253Bf5ddEc64a77eDbff9Ff32cC3D,0,0.0,False,,1,25003807,25003807,1784895933
0x2a7C9A1c58EE325aaf521A8e51eE41CE0D906b49,0,0.0,False,,1,25003834,25003834,1784895933
0x2b5f1A935810C0207177320b4d5A6C2E5A0b6a9b,0,0.0,False,,1,25003901,25003901,1784895933
0x2c4bb0Db39AbD00a319522c37a8ef009D8c09DF3,0,0.0,False,,1,25003766,25003766,1784895933
0x2d87F3707E7EC69Abaab775Fc0921db719F69040,0,0.0,False,,6,25003819,25003836,1784895933
0x2fcEDfdBC6f21B746781c5EB1738be039Def9870,0,0.0,False,,1,25003923,25003923,1784895933
0x30CBf02ef99AC4A4C3ee9e12531953Ae966E9C4d,0,0.0,False,,3,25003921,25003921,1784895933
0x328739e4901Cd242072353Ec377D72Fb87EcA876,0,0.0,False,,2,25003748,25003748,1784895933
0x333690e228dF33A0c800b80Aae90e26e7D46018E,0,0.0,False,,1,25003638,25003638,1784895933
0x33b2A32Ad5c5AF72Dd027b9dcEc73de84B4f5393,0,0.0,False,,2,25003838,25003864,1784895933
0x340be9aCb473110A2eD0f2F5Ae5a8b56173F6f29,0,0.0,False,,3,25003706,25003886,1784895933
0x3431507ebb1C8918976A1ED43092F3CF519Fb1f4,0,0.0,False,,1,25003688,25003688,1784895933
0x3611B82c7B13e72b26eb0E9BE0613bEE7A45aC7c,0,0.0,False,,17,25003572,25003987,1784895933
0x37008364eaE6688966Ffd81d4e6F0E8189Bd236A,0,0.0,False,,52,25003788,25003837,1784895933
0x37A23Be2e3Ab87A25788d120a4a1476A3D570CfF,0,0.0,False,,2,25003572,25003588,1784895933
0x38F5E5b4DA37531a6e85161e337e0238bB27aa90,0,0.0,False,,4,25003850,25003867,1784895933
0x38baC213BfC171CAd01D72ec5B8BFa99c4Fe5792,0,0.0,False,,1,25003733,25003733,1784895933
0x39e6B9423eAA317bFaFCE9044164a153f8387957,0,0.0,False,,1,25003905,25003905,1784895933
0x3DAa2f96e4d06732768CC9C75A99c6A80AcD58fF,0,0.0,False,,5,25003791,25003881,1784895933
0x3DF309F4984a0a2f8D02BEE8FFd05831146F1F2e,0,0.0,False,,1,25003833,25003833,1784895933
0x3E803Afe748E911BB6FC0317D304555B65541eC0,0,0.0,False,,5,25003846,25003949,1784895933
0x3Eb799ec18b5514ae9f662a4D30Cfe700b64DE1E,0,0.0,False,,1,25003605,25003605,1784895933
0x3F5D410eE253Fc8110E87fee01CF02D729D4E848,0,0.0,False,,2,25003908,25003908,1784895933
0x3F6bF69Ef37E6C28D767ceEEe233c3679FE2BB67,0,0.0,False,,1,25003994,25003994,1784895933
0x3aC821bf235ea85fE679226e13585f12aE160eb5,0,0.0,False,,1,25003869,25003869,1784895933
0x3c4A58301D2Eb129CF1905e0E7A97a74bbdB309a,0,0.0,False,,1,25003979,25003979,1784895933
0x3d7889Cd9BD853210704Ca6561E9F15cA1de9d30,0,0.0,False,,1,25003977,25003977,1784895933
0x3f6d75A4121bebe08d33915B6237dFc47CBFb06e,0,0.0,False,,1,25003994,25003994,1784895933
0x41A5548196A371050B7388EdE2683f32576F9997,0,0.0,False,,12,25003787,25003832,1784895933
0x4313C378Cc91eA583C91387B9216e2c03096b27f,0,0.0,False,,6,25003914,25003914,1784895933
0x43266D5BC6f38E2744CA3Fc47DdF1cb3dB167CB3,0,0.0,False,,7,25003615,25003836,1784895933
0x43f4fb4e755bc1b4c35945d6A00bD1B71E3279B9,0,0.0,False,,11,25003549,25003962,1784895933
0x440B71954Ea9f2c265733B60760B31fb801cc400,0,0.0,False,,1,25003820,25003820,1784895933
0x4442dF2B37719B80cd4B9e9c140De0eA96bB7FC3,1,0.0,False,,1,25003549,25003549,1784895933
0x4492A8C130Fb93a948372C3F4D89d247f371A4fD,0,0.0,False,,4,25003831,25003831,1784895933
0x45d0fCB00fbB220a76a80A2154CDa0394765EDA3,0,0.0,False,,4,25003847,25003898,1784895933
0x46eb53Ff661445bB03EAef38BE61a21f8EE88B76,0,0.0,False,,2,25003965,25003977,1784895933
0x478104E20E25933Cdea21a1e39c30279257E7B5d,0,0.0,False,,1,25003854,25003854,1784895933
0x4842359eda8AEDf5BacbCc052D05fb6655887f1E,0,0.0,False,,1,25003826,25003826,1784895933
0x49216eB7F2F0304fC4C1c3c64b4F436F691F3588,0,0.0,False,,1,25003968,25003968,1784895933
0x4C82D1fBFe28C977cBB58D8C7FF8FCF9F70a2cCA,0,0.0,False,,45,25003615,25003977,1784895933
0x4D39aA0f21B6E37b3b6eFa3BFe99cDE9A5D373fb,0,0.0,False,,1,25003715,25003715,1784895933
0x4F4e92411c06559F6EB4e5d99C1D696f93a14B53,0,0.0,False,,2,25003904,25003953,1784895933
0x4a8DdA45A22D3a2C662441CAC250ecEb9456Cfe8,0,0.0,False,,1,25003618,25003618,1784895933
0x4b5617694F6224dc6363Ac5eb1e991b1c89e72f1,0,0.0,False,,1,25003973,25003973,1784895933
0x4b75DFCb526369b107b74c8d046f92ef58D6d725,0,0.0,False,,2,25003711,25003711,1784895933
0x4bbf76CF6Dd12d98aca6ce669c254E9b62421BCE,0,0.0,False,,2,25003808,25003846,1784895933
0x4c3ccC98C01103bE72bcfd29e1D2454c98d1A6e3,1,0.0,False,,3,25003839,25003839,1784895933
0x4d6c394a97343a88Dcd7E1210E30c7206Ba111C4,0,0.0,False,,1,25003823,25003823,1784895933
0x501B79d8F0eE8FA463836d20Ebb8d598f364FD6e,0,0.0,False,,3,25003558,25003587,1784895933
0x5274725492F84678C19aCA3Ae24115201C9FeEB5,0,0.0,False,,2,25003807,25003807,1784895933
0x53b73031fAcf8C8dc3d93765525308e6Ff558305,0,0.0,False,,1,25003810,25003810,1784895933
0x543b1E642Ea9d999312b4D7eE12BA08183C4279c,0,0.0,False,,1,25003914,25003914,1784895933
0x55D03BB57F44D74FE6AFDc0fe33D925916486F06,0,0.0,False,,2,25003867,25003867,1784895933
0x561cBB1Bb57900f31b9983Ef1E0352373d1DA05F,0,0.0,False,,1,25003788,25003788,1784895933
0x568559E7c0D36539aB406dD5133A8f5F391D751d,0,0.0,False,,1,25003925,25003925,1784895933
0x599039Ff3A74aBb2AB0b2B0350adcBFeefAf7457,0,0.0,False,,1,25003877,25003877,1784895933
0x59fFBDf6BEae9E6bE68EC10f31eD48B98eF67C25,0,0.0,False,,2,25003842,25003857,1784895933
0x5B25adE8DbA55fe6D3D7F7719018504899B729e2,42,0.0,False,,1,25003671,25003671,1784895933
0x5C531Ee8dcaae2367B9D0c92236fE116fd6182eb,0,0.0,False,,1,25003837,25003837,1784895933
0x5C546E855Fb002Fd0C54d7E8d6F5Bc13D377CFe4,0,0.0,False,,1,25003854,25003854,1784895933
0x5D0a56f72a683bE7A9AeC415E364bF747845B0ec,0,0.0,False,,2,25003772,25003772,1784895933
0x5E1f62Dac767b0491e3CE72469C217365D5B48cC,0,0.0,False,,6,25003876,25003985,1784895933
0x5E21bc13b82F4b716E779D38A12510Ecb21fb3e6,0,0.0,False,,8,25003549,25003920,1784895933
0x5be339c071f7fc43E0F0EB2e20643c24AADE678C,0,0.0,False,,1,25003823,25003823,1784895933
0x5c3A1C3995FD5A5A7E0Ec5d28A17c8310aB52f2c,0,0.0,False,,3,25003946,25003946,1784895933
0x5cBcfF0e525926a73138e12Ac2E3C37D264e691c,0,0.0,False,,1,25003717,25003717,1784895933
0x5dc3475c23218B9e9ee80301b15fBA4aAd7BA19c,0,0.0,False,,4,25003825,25003825,1784895933
0x6015a9456ed3a77A35AdFd1AF8e46c8B4f5E4956,0,0.0,False,,3,25003639,25003992,1784895933
0x6047eB37d54cc9D98b84b837A85Bea37Aa62243f,0,0.0,False,,1,25003714,25003714,1784895933
0x60943cb06b76A24431659165c81a03c16F1C325C,0,0.0,False,,6,25003877,25003946,1784895933
0x60D02A411E8F8A187d431b3334E00f6880365d8f,0,0.0,False,,1,25003736,25003736,1784895933
0x621FAA4Ec5C7A47766753583A154aeB64f474F3F,0,0.0,False,,3,25003770,25003770,1784895933
0x62b40eBbCeF4f401674e37d680475989a1605642,0,0.0,False,,1,25003957,25003957,1784895933
0x63913FCff5aC9289E711ce3DA53F2A0786AD317f,0,0.0,False,,1,25003586,25003586,1784895933
0x64835b44c5A6947037172532fd2F60F8de4f2939,0,0.0,False,,2,25003739,25003739,1784895933
0x65001a60300D50573245cc097695c2416013F389,0,0.0,False,,1,25003949,25003949,1784895933
0x65a11a646DA491FA87a9a37A0E2B9f51381a0670,0,0.0,False,,1,25003618,25003618,1784895933
0x66a9893cC07D91D95644AEDD05D03f95e1dBA8Af,0,0.0,False,,40,25003611,25003937,1784895933
0x6747BcaF9bD5a5F0758Cbe08903490E45DdfACB5,0,0.0,False,,36,25003706,25003946,1784895933
0x67928372E025316f5B21F8fEa5029027EB7D7415,0,0.0,False,,1,25003565,25003565,1784895933
0x67A4Ba0BbEC0c8df04678d8ca0C25A568ebCF89e,0,0.0,False,,1,25003985,25003985,1784895933
0x67D66FBe8710cb32a7cE055D271877b3A57B7881,0,0.0,False,,2,25003920,25003995,1784895933
0x6838Dd46A9dc1b4734218A092fc01946aE2ec95F,0,0.0,False,,1,25003834,25003834,1784895933
0x68E3b4f93b5c29c8d1fe9e08a017a5987B3d63f4,0,0.0,False,,1,25003837,25003837,1784895933
0x69aeC6a7934cF8e1c6678e20D13D6BEa9AbBb1ED,0,0.0,False,,3,25003864,25003864,1784895933
0x6A93eF5f666eebE84bA130F8404AD56ee197006c,0,0.0,False,,38,25003588,25003994,1784895933
0x6D091a5Aac71e7ccA94a76A0c2508299EBc38dE3,0,0.0,False,,1,25003964,25003964,1784895933
0x6D37E24E8D0CEB26bf9a43fE854f89f7d28366DF,0,0.0,False,,1,25003823,25003823,1784895933
0x6E2743c18690d05dD2ea1EcB7fE86322fCD6e491,0,0.0,False,,2,25003850,25003850,1784895933
0x6a9F0d628dF1D9F48707AFF4e45624917DDd8Db6,0,0.0,False,,3,25003881,25003881,1784895933
0x6aC5e348A84C54434c5cF216EAdA9390e4d6363b,0,0.0,False,,5,25003647,25003964,1784895933
0x6ab5f31b779AD0F5a924aD1Ec5092EB1113c390D,0,0.0,False,,1,25003649,25003649,1784895933
0x6b2Fa71966B5707fd686bD6c84E5aB4dCd76B95a,0,0.0,False,,1,25003834,25003834,1784895933
0x6b50849023d360F4fDcDb2817eBADB4DCDea96bc,0,0.0,False,,1,25003919,25003919,1784895933
0x6b7533873f28C3fD01e35EcD90B2e2Ba8bD2c9d4,0,0.0,False,,1,25003833,25003833,1784895933
0x7015CF2D3CDC93452D86622eB805e9b13040dA64,0,0.0,False,,3,25003829,25003829,1784895933
0x70637CdF917Ad131e580C26A28E49a88bd82eE5b,0,0.0,False,,2,25003977,25003993,1784895933
0x7088De6AeFF3AD7C0684Db7A00caD3c3a45B81c4,0,0.0,False,,1,25003839,25003839,1784895933
0x711845b607F9Cf587E784dca8f0FF2cB3eE9cE18,0,0.0,False,,2,25003653,25003933,1784895933
0x724EBdCf136D69Eb20CBAdB13e9A6DDc424883Ae,0,0.0,False,,1,25003833,25003833,1784895933
0x7498eE7AaB51ca1062396D9AE0302aD39f5ae270,0,0.0,False,,6,25003706,25003985,1784895933
0x74cCFA958c007580e81CfDfF86853f255103E828,0,0.0,False,,2,25003942,25003951,1784895933
0x74de5d4FCbf63E00296fd95d33236B9794016631,0,0.0,False,,31,25003717,25003997,1784895933
0x750E70496C9EBe5a13551F0147E02206861869a4,0,0.0,False,,3,25003961,25003996,1784895933
0x75Cf59A923a2649B84Fa569BB97ea9694B6f26E4,0,0.0,False,,5,25003721,25003846,1784895933
0x76450FE69FbF5EfE18E014Fd19D15202d1B238d0,0,0.0,False,,1,25003996,25003996,1784895933
0x76508769cF9a85cC37522d1417DccC596D2E1F65,0,0.0,False,,1,25003884,25003884,1784895933
0x7777a846952FFbE39B699520a16B24E5098acca6,0,0.0,False,,2,25003992,25003995,1784895933
0x79102ddceE2F618031e22B231E0d3Ad4B5340bED,0,0.0,False,,1,25003956,25003956,1784895933
0x79A89e12B172C6F550D3A2D9F60f2B5e67303E80,0,0.0,False,,2,25003909,25003919,1784895933
0x79f1d8b99d44e60358f7Afa67b796C8713E881DF,0,0.0,False,,1,25003929,25003929,1784895933
0x7F3953F1bA7DE461f8CEc6Ba3741000F0FFb300f,0,0.0,False,,2,25003797,25003831,1784895933
0x7F62866A8f0FAf15b201A35105bc6dFec801130f,0,0.0,False,,1,25003834,25003834,1784895933
0x7e89DAF03D3E81d81bA6a242FD05646FaEF524B8,0,0.0,False,,1,25003925,25003925,1784895933
0x7ea3cA59d4BE4ab678F80e456eF24a32c4d9C300,0,0.0,False,,1,25003886,25003886,1784895933
0x7f54F05635d15Cde17A49502fEdB9D1803A3Be8A,0,0.0,False,,91,25003557,25003964,1784895933
0x81C1901D03afa582fAbDF5348a3810F35a081383,0,0.0,False,,1,25003701,25003701,1784895933
0x837BCC5A30aCA758CeccA146F436478ef16bF512,0,0.0,False,,2,25003864,25003867,1784895933
0x84Cc5f0Bc0AA4bf47F3f60628c51Cb1AB2745572,0,0.0,False,,2,25003839,25003839,1784895933
0x84a69fcD071D5c36EF9ca3A31b1ff3aEFB314230,1,0.0,True,UNISWAP V3,0,25003546,25004000,1784895933
0x85599763b6A3a7c6A625428D17eafD0212684A98,7109434323,0.0,False,,1,25003632,25003632,1784895933
0x85E51794Fe328864f5E18Ec2d454cb9E666D8A4F,0,0.0,False,,3,25003854,25003892,1784895933
0x88649f4743A758171077B98EE2003F1989B1615A,0,0.0,False,,2,25003905,25003905,1784895933
0x8883A0439b15ca6f30d45a36067ce815E3819334,0,0.0,False,,1,25003776,25003776,1784895933
0x89B585dF208c727829232d892A50806C3A20a4E6,0,0.0,False,,3,25003927,25003947,1784895933
0x8A368542B72e01500E42EDC4485214A8D6781F20,0,0.0,False,,1,25003747,25003747,1784895933
0x8F10B468b06c6FD214B65F87778827F7D113f996,1,0.0,False,,14,25003662,25003886,1784895933
0x8F74dCACd5711A7fD02C8FeC95A219e29c65744b,0,0.0,False,,1,25003882,25003882,1784895933
0x8F846C7773e74A6B6B513c2E24C092BF8088189a,0,0.0,False,,1,25003611,25003611,1784895933
0x8b04Fb1622C8a33A06bE1E9C6F0C33d4FD3d5226,0,0.0,False,,1,25003913,25003913,1784895933
0x8dfCFF2e00fb7319c58e022A49c72e859B77AaE4,0,0.0,False,,3,25003678,25003678,1784895933
0x8e871ECF331A27c762BBcff795279dEF31C8a25A,0,0.0,False,,2,25003827,25003827,1784895933
0x8eF6d128c4De128B8ce45b442CCD6192E31f4B8c,0,0.0,False,,1,25003955,25003955,1784895933
0x90266DD799674A3Ff322B48bD7046E786Eb4296d,0,0.0,False,,3,25003884,25003884,1784895933
0x919fE04995726551CF8e9bbF45ACD94fB3f2c636,0,0.0,False,,1,25003756,25003756,1784895933
0x920a25Ab35b733285EFC067A5EB72639c1a3cD42,0,0.0,False,,2,25003761,25003772,1784895933
0x9297DC79C071Be4233011fd8b8939BEc77F6e938,0,0.0,False,,1,25003635,25003635,1784895933
0x929d0C8578d201F92244936fA121C36B461ec85B,0,0.0,False,,1,25003823,25003823,1784895933
0x92eAE2D4F34F17eB32BF390AF5019a37d375418E,0,0.0,False,,4,25003834,25003834,1784895933
0x947E79209f607405b6E0DA0F90F53B8A6822cc51,0,0.0,False,,4,25003857,25003868,1784895933
0x94c7F8bb60A25E32b33e8986aF7B5626E670960E,0,0.0,False,,1,25003953,25003953,1784895933
0x94fBae1Def446534908D21F50823A6e7fdeA8Ef5,0,0.0,False,,1,25003951,25003951,1784895933
0x958914bc3Fc61629dcc5c11Ce9d2E1DC254F3E57,0,0.0,False,,2,25003844,25003849,1784895933
0x95dd05950bc8CD5dEF7be0aDC600D0fadd15Bd86,0,0.0,False,,10,25003611,25003618,1784895933
0x96fE56B7E09364800f5cCe317520885920A29bfD,0,0.0,False,,1,25003676,25003676,1784895933
0x9733dd7281f85Bf60E08eCd1Dc952a46CCA9Da15,0,0.0,False,,1,25003848,25003848,1784895933
0x973Cd772b40F105c17463C42366264a91CD4c2fb,0,0.0,False,,1,25003818,25003818,1784895933
0x995D38316aBC9C0958caca1472B3E4BB27551868,0,0.0,False,,1,25003729,25003729,1784895933
0x9A28bd17aDCd5aaEAE2862E776F3900D60abbd95,0,0.0,False,,1,25003937,25003937,1784895933
0x9A981cE637f2638Ee2B7e4083Eb287a697bA776F,0,0.0,False,,7,25003936,25003998,1784895933
0x9C473387664AB740e68d1fDF0C47bd6Fca3663AA,0,0.0,False,,10,25003605,25003918,1784895933
0x9C8606e4473A531806b525B855be1cF259BfC366,0,0.0,False,,1,25003876,25003876,1784895933
0x9Dd4Ddd21Dd3446572cF9ec008719bB64F918f61,0,0.0,False,,1,25003803,25003803,1784895933
0x9E736b5FB89Cc98d9D0386454f0Dc057EEaD4E08,0,0.0,False,,1,25003818,25003818,1784895933
0x9b40d8E1947cb1159c38DC25976f28Fd8C2EdA39,0,0.0,False,,2,25003864,25003867,1784895933
0x9bB847A1Fc026AE157dAbe658CCA764584c8f0B1,0,0.0,False,,1,25003979,25003979,1784895933
0x9bFf6312567a703Ea52214e122F25708B5ad2bfE,0,0.0,False,,1,25003826,25003826,1784895933
0x9c2D9E9c37aaE9c9905483b60d367cc320e56B35,0,0.0,False,,1,25003913,25003913,1784895933
0x9e87C7499a802Cfd128Bda604902f826A680f0Df,0,0.0,False,,5,25003829,25003943,1784895933
0x9f8aA3864F4bB3B816169d00e93E3aB0CAc2ae37,0,0.0,False,,1,25003649,25003649,1784895933
0x9fE546E5F4Fa0708f05bA2296ad84A9dFeB94B5d,0,0.0,False,,1,25003805,25003805,1784895933
0xA3c7219ac90f4200E788094fEa3fd2e03b7748aC,0,0.0,False,,2,25003836,25003836,1784895933
0xA5F91E598668040055dC861a7316e677a5B730B0,0,0.0,False,,24,25003638,25003958,1784895933
0xA5d3434Bd55fFf5C06B5359C33B5f5D2c13a256B,0,0.0,False,,5,25003842,25003961,1784895933
0xA6E941eaB67569ca4522f70d343714fF51d571c4,0,0.0,False,,6,25003831,25003876,1784895933
0xA6EfdcDef0dA0fc6BE701684Aaa951530Df9B867,0,0.0,False,,5,25003839,25003878,1784895933
0xA71B8e2e570AA59D49BEd68b9aA16944c541e0dD,0,0.0,False,,1,25003924,25003924,1784895933
0xA72f8319248aF6b9c4f78CBBB94450FEAfdE5A88,0,0.0,False,,1,25003818,25003818,1784895933
0xA919c12312A21de4DC5BA0C158eA290919E3a364,0,0.0,False,,1,25003857,25003857,1784895933
0xAA754d4c4b29827Dd13cfAA7a9EF217b6EAf6D28,0,0.0,False,,1,25003912,25003912,1784895933
0xAE4611cae4846e015383d6DC149f293633F1973d,0,0.0,False,,1,25003592,25003592,1784895933
0xAc1Cf197766bBF43C6DBe884629b4bC29e245475,0,0.0,False,,3,25003735,25003969,1784895933
0xB0Ad50a94D030A2D887F9eB59c144A3D5D4ca895,0,0.0,False,,1,25003999,25003999,1784895933
0xB0BE77039F9bdB45074BDeaa9B3cD726E68e3b91,0,0.0,False,,1,25003829,25003829,1784895933
0xB1d903f8049e692716ea47047d850dDc1d2cEaBE,0,0.0,False,,3,25003822,25003822,1784895933
0xB21035D7952EF75EF88fA242735AbB1d699F11f0,0,0.0,False,,1,25003901,25003901,1784895933
0xB2fcE99E88f9c2a5A9C522D0BB1AcF1Cddf7e1b9,0,0.0,False,,13,25003799,25003953,1784895933
0xB3aA9923489Bc2BFEc323Bf05346AcD4afbc92A0,0,0.0,False,,2,25003843,25003846,1784895933
0xB6C520A4c06359763ea98FC02fD78D0d5A5d1322,0,0.0,False,,2,25003956,25003956,1784895933
0xB9118051Fee7545584e1F97642754AA9bF6e5F91,0,0.0,False,,2,25003905,25003928,1784895933
0xB945aa03441B10FBe0256cAe2608E1c788bBcDcF,0,0.0,False,,1,25003851,25003851,1784895933
0xBA7a03a37C0799A4182D1C4ca3bf3321F8ba3329,0,0.0,False,,8,25003635,25003893,1784895933
0xBc9993fe8606fB5DEA1Ba8674d09cE255c7bdeab,0,0.0,False,,1,25003638,25003638,1784895933
0xBf15724a9FFbdcCCeaB8c98715B30a83c71e888C,0,0.0,False,,4,25003817,25003817,1784895933
0xC10eE9031F2a0B84766A86B55a8D90F357910fb4,1,0.0,False,,27,25003664,25003992,1784895933
0xC1d88FD537261321ea8E3B7d95D2ccb3aF7bd0b8,0,0.0,False,,1,25003818,25003818,1784895933
0xC3153f9Fa3C3c1029c017890b353e0d40955237F,0,0.0,False,,2,25003816,25003834,1784895933
0xC36442b4a4522E871399CD717aBDD847Ab11FE88,0,0.0,False,,10,25003843,25003974,1784895933
0xC5a04dEa5200Ee8c0E73Da31EFa80CB99d5E2F44,0,0.0,False,,2,25003672,25003696,1784895933
0xC6BDB91b38811C4a3Eb84fd558d80df10EFe2441,0,0.0,False,,1,25003835,25003835,1784895933
0xC9E928FF08d144f4D20a2d6E7dde8466dcd0dd0a,0,0.0,False,,1,25003816,25003816,1784895933
0xCa4a6EFbFEF325A196196bD346Ff85eFbbAb4300,0,0.0,False,,2,25003942,25003951,1784895933
0xD06c50CDe7279A98EF970FBDba73E84930aD8468,1,0.0,False,,4,25003787,25003985,1784895933
0xD1d065049fE5A6EF65776289267044623760A005,0,0.0,False,,1,25003662,25003662,1784895933
0xD527F9A938ebA5d3AB5A1bAC5bb487B7f5EEe203,0,0.0,False,,1,25003719,25003719,1784895933
0xD59f29Feb538D0334bcF09EE9d00C21692eC40dc,0,0.0,False,,1,25003841,25003841,1784895933
0xD73e395bf5db9f15F25c87F19f8aA255b2278aaC,0,0.0,False,,2,25003835,25003878,1784895933
0xD78D199f8C402e7B5Cc2abE278dF0412400a3BAe,0,0.0,False,,8,25003638,25003804,1784895933
0xD955B7c4Dada4831B4fD0c52818433C3d975cD64,0,0.0,False,,1,25003557,25003557,1784895933
0xDCcec8Df505d16d9E9e63265A3C9A4f1c3728ae6,0,0.0,False,,1,25003823,25003823,1784895933
0xDEaD79cdbdEC07A70845a05Ee90Bcec2Ca42bBee,0,0.0,False,,1,25003659,25003659,1784895933
0xDbC0b3D4D3CFfD03Fb62f1b224d61a9DD237fC61,0,0.0,False,,2,25003658,25003730,1784895933
0xDe5662852d6765263399d307067bd349Ce2dCef0,0,0.0,False,,2,25003857,25003859,1784895933
0xDf985B0eCCC44CC885AdDA4399Ce271BB94A56Ff,0,0.0,False,,1,25003964,25003964,1784895933
0xE0D2d1fb37fAf23e3bCa86dfB686189534aE1d56,0,0.0,False,,2,25003833,25003833,1784895933
0xE500Fc76e04CC072f06a0E912A5D53a5Fb77c69F,0,0.0,False,,1,25003901,25003901,1784895933
0xE80ED62F6636f2f0b0e40fbe3B20Ef1c8A724494,0,0.0,False,,3,25003892,25003892,1784895933
0xE83434855e4A087Df6629DefC9Ea37FD6Cab219f,0,0.0,False,,2,25003962,25003962,1784895933
0xEC2173C9EFBF3Dd68161D857284eaf6E8fA130c6,0,0.0,False,,2,25003854,25003876,1784895933
0xEE6986039E3d89EBE19CD627C777D01E7FF17ee4,0,0.0,False,,4,25003898,25003898,1784895933
0xEeA1509F8e7e5D414a496D7b1900251dc39dBd6b,0,0.0,False,,2,25003792,25003851,1784895933
0xEf28224084c19F8800eb2d5905679927087015a3,0,0.0,False,,1,25003744,25003744,1784895933
0xF0088BA4A8100FBF61b83B45c42280c9B47f6f0C,0,0.0,False,,1,25003966,25003966,1784895933
0xF1588549FB03013E79AfF005C6aA4E5bdFdCDAef,0,0.0,False,,1,25003788,25003788,1784895933
0xF1e82BCeCD8A5770C0BB3731A76ac0199F912cA6,0,0.0,False,,1,25003921,25003921,1784895933
0xF1fa70f061fDD3021819Aa77deDBb7554652CEbA,0,0.0,False,,10,25003617,25003813,1784895933
0xF24be3404B723e35d9EbC60977B646d2581F57F0,0,0.0,False,,16,25003850,25003867,1784895933
0xF2853B56a381B4409E0f75e6B625E294cC4Cbf0c,0,0.0,False,,4,25003867,25003992,1784895933
0xF778186c25cB347Ae6ccc2E2f5A544E26942ce78,0,0.0,False,,1,25003818,25003818,1784895933
0xF81B0a7f88499D88008bf052201F1F726DA14b4e,0,0.0,False,,1,25003612,25003612,1784895933
0xF829E7Cc2D408410DE57a0E18a73cC933e732bAB,0,0.0,False,,7,25003936,25003998,1784895933
0xFD07345e7433bA954DDfEa2e2A0Bf8c860178aa2,0,0.0,False,,2,25003904,25003907,1784895933
0xFE0711A7022F56291C8EF4AD00Bdfc03d3021332,0,0.0,False,,2,25003610,25003672,1784895933
0xFEC4732A8AE2aca4677b27B5753058AeF68529E8,0,0.0,False,,4,25003780,25003854,1784895933
0xFEb6D8C190a7Ca5177D54FcA1cdDb47DC553A9a1,0,0.0,False,,4,25003822,25003822,1784895933
0xa0F1C3aD83E07d97B5e7030e177718bE175275ea,0,0.0,False,,8,25003787,25003889,1784895933
0xa1507Cc0FC3d9A24cACCac03b35fc60E39Afd9f4,0,0.0,False,,1,25003844,25003844,1784895933
0xa36474C79CFf8eBF1330A427485B169cA8dC1146,0,0.0,False,,3,25003827,25003827,1784895933
0xa462d9AcaCcb141Ce7F17213b95198fE248c27A1,14848767185,0.0,False,,8,25003653,25003962,1784895933
0xa4d03910A6aBBb89744578E57DA67ec50dB2d475,0,0.0,False,,1,25003804,25003804,1784895933
0xa5927bFABda48cA9ebD9AD31dFC2826cDdD09BF2,0,0.0,False,,3,25003822,25003857,1784895933
0xaF0BcC6be280401d861Ff599d98edd08909f894c,0,0.0,False,,4,25003902,25003910,1784895933
0xb05E5807ec6A6ea0E20d010a84c321750D21685B,0,0.0,False,,1,25003885,25003885,1784895933
0xb0722C144D2483d70E77CD90B545FD4e278F054d,0,0.0,False,,1,25003802,25003802,1784895933
0xb09aA0e6dc38eb4f1d51ae6630363D2AaAB45672,0,0.0,False,,3,25003874,25003943,1784895933
0xb0a043897D1A5A6Af2584068a1922FC1478dE697,0,0.0,False,,1,25003864,25003864,1784895933
0xb1A0BCF1a5E1117c65add5FDfAa4135A5126DdA0,0,0.0,False,,1,25003803,25003803,1784895933
0xb1b775699A2d26Ea9a0050c8c7fB4a0c98033b40,0,0.0,False,,1,25003928,25003928,1784895933
0xb2D1D74B93eC0F961C7896D296755757E22Cc6B2,0,0.0,False,,2,25003549,25003671,1784895933
0xb300000b72DEAEb607a12d5f54773D1C19c7028d,0,0.0,False,,62,25003588,25003994,1784895933
0xb5743312702B71f8994744aB3a535ebFBC0bbb36,6487291118,0.0,False,,1,25003892,25003892,1784895933
0xb5c70EdBE1C737d0375839d996f23E8B580cAd7c,0,0.0,False,,1,25003829,25003829,1784895933
0xb6064B4a8436A191B51dd0120ab2472CFa4F4D7f,0,0.0,False,,3,25003910,25003910,1784895933
0xb92fe925DC43a0ECdE6c8b1a2709c170Ec4fFf4f,0,0.0,False,,12,25003557,25003857,1784895933
0xbB1532f8209cB561A2fa064616C29448Ed18EA4C,0,0.0,False,,8,25003638,25003804,1784895933
0xbDB11bc59Adbae7E6Ed7e33f82E9e267a0087BC1,0,0.0,False,,2,25003842,25003863,1784895933
0xbDefA2FBEb9301C98CD29ad3903c67060f044477,0,0.0,False,,1,25003863,25003863,1784895933
0xba4c928807450c57E4F5Aa18cd507987840847bf,0,0.0,False,,20,25003639,25003884,1784895933
0xbb6e093cF06e91078D1CF82172DA889e2f54bc50,0,0.0,False,,4,25003893,25003899,1784895933
0xbd6fA96F09BDA66fd36f665C21f5E80076a760b5,0,0.0,False,,1,25003827,25003827,1784895933
0xc019785C99656aBD9B3971DA5633C2dFd78929AF,0,0.0,False,,1,25003818,25003818,1784895933
0xc07EFeE249fBEB198d53238169969C228C476776,0,0.0,False,,1,25003834,25003834,1784895933
0xc34960EaF4e30dCca221c1CcEE5A9377171cA976,0,0.0,False,,2,25003886,25003942,1784895933
0xc4D99ccE1003890582A34cEb5b3aE4fce4D7843d,0,0.0,False,,2,25003574,25003579,1784895933
0xc60Eb3Fc4F0A685154D05160ac9D9Da2552E7D5E,0,0.0,False,,1,25003546,25003546,1784895933
0xc6Dc676394D30af314EDE65cc5d069670750504a,0,0.0,False,,1,25003863,25003863,1784895933
0xc82165636885FefB30531599ce275eF6B8920255,0,0.0,False,,1,25003822,25003822,1784895933
0xc85DdDe4eDa333285F8FeB7d3233Ac598655EBF2,0,0.0,False,,1,25003838,25003838,1784895933
0xc8d7135357Ba4cDc6e8bBd19CD21E42c87eFdE16,0,0.0,False,,9,25003838,25003962,1784895933
0xc96BF4c4593ae0FA646579580a80F066b5222f1e,0,0.0,False,,2,25003631,25003631,1784895933
0xc9C6bDB710e17B93218beA59D6745Dba4CEbA849,0,0.0,False,,2,25003911,25003936,1784895933
0xcA9d3EDF3b0ff6367124a84bEDDA359f23CAB1B6,0,0.0,False,,2,25003649,25003664,1784895933
0xcb8E5991e6a19e836bE22a4F299DA33659ee12f4,0,0.0,False,,1,25003970,25003970,1784895933
0xccEb29DB93673B5Ea1F7E0C1be9cADBBF51dd8dd,0,0.0,False,,1,25003988,25003988,1784895933
0xcf392F62151fe078A5C26c6fd7E6bC5F15D9735A,0,0.0,False,,9,25003606,25003839,1784895933
0xcf917D706681cdB279Bacb69cB3CAB2be4f7E91e,0,0.0,False,,1,25003867,25003867,1784895933
0xd11DfD5a72Ef6162F5c6028a2e31672F39f4337D,0,0.0,False,,1,25003818,25003818,1784895933
0xd226997439ecfBEfF8E110C8C78c8a7Eefd19f89,2,0.0,False,,2,25003790,25003790,1784895933
0xd36B12C2CCC5D1ebC2408cc8a2ca2F567ab8b11c,0,0.0,False,,4,25003592,25003841,1784895933
0xd4dF888B2DFC4fdBD83AFa3dddBdA9E13d927ae8,0,0.0,False,,1,25003995,25003995,1784895933
0xd691d14A72a64DFE32C5b2D8c0a13B79bC49BF57,0,0.0,False,,1,25003958,25003958,1784895933
0xd7B057341f09ED5Cf96a25d27D7c35Dc634DD94F,0,0.0,False,,2,25003780,25003780,1784895933
0xdEDdB1cbDc04848F37F4317936D6df23B19a3E5a,0,0.0,False,,1,25003959,25003959,1784895933
0xdda458F198e972bE149ec67D8E1b9Bf759213f26,0,0.0,False,,4,25003586,25003743,1784895933
0xdfD412FD9f26D744A3d4f125Ad81CF910006FFCa,0,0.0,False,,1,25003823,25003823,1784895933
0xe0A20111e9d9AaD60BEcdeeF94dB187fC3d1e822,0,0.0,False,,1,25003987,25003987,1784895933
0xe3A0B6347cc4788bc38dE66d78A7bC2Ad8958774,0,0.0,False,,1,25003583,25003583,1784895933
0xe531F6260bEB09d9b122DfDc3d67085b77feDf8c,0,0.0,False,,3,25003685,25003791,1784895933
0xe70d54CD0755b3717D9bC8E061C05dd60C6fccef,0,0.0,False,,1,25003825,25003825,1784895933
0xe9f9840b805a1C2807C1c0E07EB3d19AbF05B4C5,0,0.0,False,,18,25003667,25003843,1784895933
0xeA1126e70185400A2cF0DE2A6b35428Fb8AfFD29,0,0.0,False,,1,25003823,25003823,1784895933
0xeB05a9335845E8C3A5c595E6a503774Eb41a59c9,0,0.0,False,,2,25003974,25003974,1784895933
0xeB2B8401cde67F4f3fA5F632AB52C278D1baA195,0,0.0,False,,2,25003854,25003901,1784895933
0xeBC6303081B306d9B3F33F4bC5bAa76DF05cD6f7,0,0.0,False,,3,25003596,25003614,1784895933
0xebEAE725Ff4520B962bb2A99828591C965Ff2B75,0,0.0,False,,1,25003852,25003852,1784895933
0xec8D0B9f5840C78cDA7848253C0202a7b10eEb46,0,0.0,False,,2,25003674,25003839,1784895933
0xf11ec823Ce5B10c612f211E9d425083aA0AD9Acf,0,0.0,False,,1,25003803,25003803,1784895933
0xf55A58D130a7ad620FdD801142a628AfEbe75848,0,0.0,False,,1,25003849,25003849,1784895933
0xf5c4F3Dc02c3FB9279495a8fEF7B0741da956157,0,0.0,False,,3,25003638,25003867,1784895933
0xf9c2D00560d7b5F73A7E08E14C7495CA10CA267D,0,0.0,False,,1,25003833,25003833,1784895933
0xfB345A8aEA3e58C7caBC816b49D95b094B5C8344,0,0.0,False,,1,25003863,25003863,1784895933
