tx_from,transaction_count,swap_event_count,sell_volume,buy_volume,net_swap_to_pool,actual_transfer_net_to_pool
0x7475bcf1e667896d9df683f9c3b17b57b54141d7,3,3,14.309778685499864869,0,14.309778685499864869,14.309778685499864869
0x3391626561e43d498e95cc44509d30e211abc4ea,5,5,2.957983102254321376,3.642803011128741183,-0.684819908874419807,-0.684819908874419807
0x84d2e7b71c765ff0e3ac1f9ed43774387526a3a7,3,3,1.9616854,0,1.9616854,1.9616854
0x89b585df208c727829232d892a50806c3a20a4e6,1,1,1.6,0,1.6,1.6
0xa9ec08edd196b91bc9177420137804be1d6efda0,1,1,1.548472647209962374,0,1.548472647209962374,1.548472647209962374
0xec8dde89f65007ab8e09689f23105905d487f68d,2,2,1.541795860135404267,0,1.541795860135404267,1.541795860135404267
0x0d28fc3f5ad25c4e5d47919bfffb09074c883433,1,1,1.334677601923660443,0,1.334677601923660443,1.334677601923660443
0xf72258488679efb2c14726c33c57690d9593d474,1,1,1.241699816527855498,0,1.241699816527855498,1.241699816527855498
0xd4c832298ba00f0cf78ad1cf02b3c9a6a3d47f83,1,1,0.901966300719986999,0,0.901966300719986999,0.901966300719986999
0x6302a3e201974e6a299c1363d9db9e68050d004d,2,2,0.859964,0,0.859964,0.859964
0x8b413888ccfc777aad8c2889e90d40900994ae27,1,1,0.856565498932324843,0,0.856565498932324843,0.856565498932324843
0x00000000fd3a7b3fa5bcfa843c648714b11e089b,2,2,0.825900835552836966,1.017322277205459575,-0.191421441652622609,-0.191421441652622609
0xa9d6eec339c51b031ee46bf349a63ef3d1a61d64,1,1,0.794917,0,0.794917,0.794917
0x3bc3a28d8d9f7638a5ca7c1cabea92fde42976f0,1,1,0.69,0,0.69,0.69
0x7470a213536b7fb86a84e31c148ef11a1dd3ca52,1,1,0.6522,0,0.6522,0.6522
0x52cc95ac628da03310d7a7c1de3f4c2f30229e31,1,1,0.617867769384741709,0,0.617867769384741709,0.617867769384741709
0x1f828ce4bbb97a5fdc424ad93c081860448824f1,1,1,0.607089454435615975,0,0.607089454435615975,0.607089454435615975
0xe999c0a515cd1679d20c0c216ceb46e981c7073a,1,1,0.523476325140452264,0,0.523476325140452264,0.523476325140452266
0xa1dae7bee42a5b713adb8d5081c1f25ff06d2d96,1,2,0.505182946141537343,0,0.505182946141537343,0.505182946141537343
0x0a6ce7b3737d5a6d3720d034da484d5691cce45b,1,1,0.504443606125437845,0,0.504443606125437845,0.504443606125437845
0x703f965b5e79081a4d17e19b2cee57520efb0b68,1,1,0.5,0,0.5,0.5
0xf2402b4b600e41c2d3d0ecc9371f3a013d5b22e3,1,1,0.5,0,0.5,0.5
0x817d6f067e2dc3f6cd4904c017a5c859d52632a1,2,2,0.475357481013599205,0.2,0.275357481013599205,0.275357481013599205
0xb00f58ae9fc82b8964d2ba277befa7568f86a68d,1,1,0.4,0,0.4,0.4
0xda8e26b87c88854b4b6fcf40afa102506a16a90f,1,1,0.384329865313448315,0,0.384329865313448315,0.384329865313448315
0x42ae6345af8cbaa249904f611e9bff4d2342acff,1,1,0.348424391426076139,0,0.348424391426076139,0.348424391426076139
0x20fc548600fb6532c2ce762e51acac0fa5cfd630,1,1,0.341519551772532355,0,0.341519551772532355,0.341519551772532355
0x7aa5bc7c0df96ab0de8f3207f1e2e880fa3f14bd,1,1,0.321917812553475923,0,0.321917812553475923,0.321917812553475923
0x1d9e405596763bcde185789b436c73728c9720e6,1,1,0.223068157639568249,0,0.223068157639568249,0.223068157639568249
0x17837a5a47e898eff90c45efc070166d046a0fc2,1,1,0.20778055304388124,0,0.20778055304388124,0.20778055304388124
0xf315c33023cde34ccaad6cbd9f9ae0bc1c234b6e,1,1,0.2,0,0.2,0.2
0x06544c02f1c663d6b7181feb04a9c0e35d3456b1,2,2,0.194219141277974366,0.34438739969363915,-0.150168258415664784,-0.150168258415664784
0x5aa223cc1b2cb0979f2d8fddb5725de0447e5d17,1,1,0.192821529354891937,0,0.192821529354891937,0.192821529354891937
0xcbdcb14d4963a045d6517a89aab07a097230c9bc,1,1,0.100494729699163176,0,0.100494729699163176,0.100494729699163176
0x4b79a7d682ad34d76509c35de32d34f9aec4a3ec,1,1,0.084371168652038347,0,0.084371168652038347,0.084371168652038347
0xd222ea436216e21fae072873a5a698361b22db7b,1,1,0.07063115632142564,0,0.07063115632142564,0.07063115632142564
0x333c92538e7f47d17c79e5975d4e40e901427558,1,1,0.044093858233938666,0,0.044093858233938666,0.044093858233938669
0xa48fc482a944b4e84c8dbef86f49101f54c0307a,1,1,0.043708533813106337,0,0.043708533813106337,0.043708533813106337
0x02de4fcde981b5e76cbc4bb5024bb5ac99ec9ead,1,1,0.031,0,0.031,0.031
0x029e13c1dcde8972361c9552ced69b97596e0e86,1,1,0.026645111321051455,0,0.026645111321051455,0.026645111321051455
0xd835aeac9f4c792d3a6b59b6eca1d273a3d81beb,1,1,0.009541165978050609,0,0.009541165978050609,0.009541165978050609
0x02be18a4744020981efcb573d9a6d20da8488166,1,1,0,0.35,-0.35,-0.35
0x04c6132b8358046f393a4e9c4925148be966f4db,1,1,0,0.024830993710949158,-0.024830993710949158,-0.024830993710949158
0x068a4a45c0bc363fcfd2c5c9a738feb02316013f,1,1,0,0.351741186803111697,-0.351741186803111697,-0.351741186803111697
0x0a90f3dafa8c764dcc9fe462b3d8968bbcff703f,1,1,0,0.065521059550773357,-0.065521059550773357,-0.065521059550773357
0x0aa9103975747cccf7df4e6287a46ae3399c0a52,1,1,0,0.323535637052968164,-0.323535637052968164,-0.323535637052968164
0x0b98fb64b4413a805089bf4dfe3d289a8ccc9131,1,1,0,0.397000391791859178,-0.397000391791859178,-0.397000391791859178
0x0e3eb60df4d14b213dc4de53316ed7bcd4aadc87,1,1,0,0.303501625312672545,-0.303501625312672545,-0.303501625312672545
0x12feae999fabba4b0086a257c9c5e350e62da0c9,2,0,0,0,0,-0.000000000000000003
0x18ca4bcd3f9f28d736e7f2361641710d90a61e74,1,1,0,0.564710046917843537,-0.564710046917843537,-0.564710046917843537
0x19dbbeb47f38025844f82b1b4f10ff2dc371ff0c,1,1,0,0.251281158342401518,-0.251281158342401518,-0.251281158342401518
0x23ead30a5c94b6b248e5b581d6cabc19fcdb9da9,2,0,0,0,0,-0.398635585499784044
0x25e36270051f0c78f0744a3da53dc9b2b4b89039,1,1,0,0.123106342923201019,-0.123106342923201019,-0.123106342923201019
0x2cb708d97596a607a30467b33461b7e2e0aee137,1,1,0,0.309692328814392575,-0.309692328814392575,-0.309692328814392575
0x3004892cf2946356e8e4570a94748afdff86681c,1,1,0,2.684391659198984287,-2.684391659198984287,-2.684391659198984287
0x315d2ee4fccda0def532ef4108ff57204f8d9eba,2,2,0,1.501434500925951313,-1.501434500925951313,-1.501434500925951313
0x34edc3b53ffc40902d92c171aa65a99332a08f00,1,1,0,0.170906007792545023,-0.170906007792545023,-0.170906007792545023
0x3a2ddbb2b997be1bdb3bc9221d4da121e790ccc8,1,1,0,0.113940194915405001,-0.113940194915405001,-0.113940194915405001
0x3a9c17cd7b7d0d144cfd115fd3d003c7bfd1339e,1,1,0,0.245824669855899149,-0.245824669855899149,-0.245824669855899149
0x3f25e90ce33a11b109dcf283ff25af9509cbd5ca,1,1,0,0.595239860792435776,-0.595239860792435776,-0.595239860792435776
0x4327db0836be2717e00ba1deb416385087b25c41,1,1,0,0.418697018848601722,-0.418697018848601722,-0.418697018848601722
0x45a2235b9027eab23ffcf759c893763f0019cbff,1,0,0,0,0,0.717334748683304172
0x49ff0e1119ac87c68863e1f1816e18680d625534,2,2,0,0.2,-0.2,-0.2
0x4b5617694f6224dc6363ac5eb1e991b1c89e72f1,1,1,0,0.224950738284863988,-0.224950738284863988,-0.224950738284863988
0x4d8d787aed355ae9f9b0cc4939f077605df2290f,1,1,0,0.844581427248584054,-0.844581427248584054,-0.844581427248584054
0x4dfae204a53e4d10e842a7eb2e7ad4931c3abe5b,1,1,0,0.661149411185578307,-0.661149411185578307,-0.661149411185578307
0x4e23424b3c635ec2cad284787467b1700517421d,1,1,0,0.200244397623404187,-0.200244397623404187,-0.200244397623404187
0x5f983e4e712d3dfc5af93cd1ef594ae14c5e6b18,1,0,0,0,0,-0.031142741525572297
0x63c9c98c84fae150f0649560b94bacd42c467654,1,1,0,1.5,-1.5,-1.5
0x65fb9db5fc926eb22ac5ae86e74242e0df44718c,1,1,0,0.720629308655487414,-0.720629308655487414,-0.720629308655487414
0x66235ecee9a4502ba68c68273b7ef292948b66ec,1,1,0,0.161661064164609857,-0.161661064164609857,-0.161661064164609857
0x6d0a6672de2e4fd4e4d0a7a4eb010b5f7c744940,1,1,0,0.501850591676214904,-0.501850591676214904,-0.501850591676214904
0x745b88ce3afa72e045470b2ab08dc6371153d74b,4,4,0,0.505477202560957213,-0.505477202560957213,-0.505477202560957213
0x79c5a7149d7e4b201c2f17325ecfd5b4dc2266d5,1,1,0,0.630781840995606559,-0.630781840995606559,-0.630781840995606559
0x7c0988a82819bf6756530dca8ca98b40a7974d42,1,1,0,0.050541852927529188,-0.050541852927529188,-0.050541852927529188
0x7d1eb7c855bf2692b0d4cc1e49193a3845bc9199,1,1,0,0.425100653561632549,-0.425100653561632549,-0.425100653561632549
0x7e32996973d8508455af8867033ea5aecb84896c,1,1,0,0.147619436363106173,-0.147619436363106173,-0.147619436363106173
0x8409ec18bbc93a03f8bcfff9ce0be8cdb4d56cb1,1,1,0,0.9,-0.9,-0.9
0x88b3724fc8042618bd9a431142a5137b2c495510,1,1,0,0.442377017463770221,-0.442377017463770221,-0.442377017463770221
0x8928bcd4cc370e387187a70cda3d212be7dff7e7,1,1,0,0.28960435655469513,-0.28960435655469513,-0.28960435655469513
0x912ccbce20f38d9121170a5339dfa482530ca317,1,1,0,0.177171604859474532,-0.177171604859474532,-0.177171604859474532
0xa097f1fd7d691b13941a396de579d1a88043c60d,1,1,0,0.05199695836037515,-0.05199695836037515,-0.05199695836037515
0xa1076cf8721ce188e302c3957cbfda0aaabe7476,1,1,0,0.049815231607598797,-0.049815231607598797,-0.049815231607598797
0xa1de68d07945b1ff1222a73418fa295cf02ed102,1,1,0,0.004292613795067676,-0.004292613795067676,-0.004292613795067676
0xa400cdd18bc88974707e05267c466154484384a3,1,1,0,0.166111878068128752,-0.166111878068128752,-0.166111878068128752
0xa5be899c8ee634602b0c087de5b2ecd21da4101e,1,1,0,1.194956784251932659,-1.194956784251932659,-1.194956784251932659
0xae2fc483527b8ef99eb5d9b44875f005ba1fae13,1,1,0,0.785769880330610865,-0.785769880330610865,-0.000000006322782494
0xaf02ed92699c10b0d70da0d75474dd4b34655689,1,1,0,0.025527778549343297,-0.025527778549343297,-0.025527778549343297
0xb231128ad58a89d17b7770cc7b521f2b7629c923,1,1,0,0.294068016764442973,-0.294068016764442973,-0.294068016764442973
0xb8921965ebd2588279e231e2ce7b4087e8219be6,1,1,0,0.016689503069066256,-0.016689503069066256,-0.016689503069066256
0xc32cc5c6215b6d420d251ad82d1ae1deb948a399,1,1,0,0.124356002426051742,-0.124356002426051742,-0.124356002426051742
0xc78304acdf1f0d62b51441a38e5c1bab78f03f7a,1,1,0,0.353851960036881897,-0.353851960036881897,-0.353851960036881897
0xca076193bd67ba2af014ce9f67138ef386184d6f,1,1,0,0.37265817742583134,-0.37265817742583134,-0.37265817742583134
0xd2ea0263b19f526dd066ef6f18f1182b02171cb2,2,2,0,1.350583142604814768,-1.350583142604814768,-1.350583142604814768
0xe2ee4ddc8c83aecedfc9daeaa18ac168bf0d759e,1,1,0,0.274152638477621529,-0.274152638477621529,-0.274152638477621529
0xe4da31cf4922f418bee01dd86e72631ab643bb5d,1,1,0,0.208109335876033528,-0.208109335876033528,-0.208109335876033528
0xe9fad7b0ff613b5e5114b44168951a7f5ba3fca7,1,1,0,0.105531865020098865,-0.105531865020098865,-0.105531865020098865
0xec873d5168924918bd75070852818df2f2c86a6a,1,1,0,0.379396438265343298,-0.379396438265343298,-0.379396438265343298
0xee0b97f6f1ff5bba7f7a2383b9af7f3ba3d82ea4,3,0,0,0,0,-0.233686597784972778
0xf1e9d7adbf331d50cb8fe5cdbfcbd4e68cf76e5f,1,1,0,0.20243943133556363,-0.20243943133556363,-0.20243943133556363
0xf71dbfd9178cb033b2b3f3f3974d23e06e152e88,1,1,0,0.119406588231505893,-0.119406588231505893,-0.119406588231505893
0xf81b0a7f88499d88008bf052201f1f726da14b4e,1,1,0,0.050621878355457467,-0.050621878355457467,-0.050621878355457467
0xf8e1b393bc20e669142b3c0bddc375a3e698d5cd,1,1,0,0.729218518685450486,-0.729218518685450486,-0.729218518685450486
0xfa60ddc1020715b096cd1dd529c614c69a32934e,1,1,0,0.825313497125279982,-0.825313497125279982,-0.825313497125279982
