block_number,block_timestamp,timestamp_utc,transaction_hash,log_index,pool_address,tx_from,swap_sender,swap_recipient,direction,target_symbol,quote_symbol,amount0_raw_signed,amount1_raw_signed,target_delta_pool_raw_signed,quote_delta_pool_raw_signed,target_amount_abs,quote_amount_abs,price_quote_per_target,sqrt_price_x96,liquidity,tick
25043027,1778155295,2026-05-07T12:01:35+00:00,0xc92b88d9432c33a9f535c6257bfffe3bfbafdccc8702ece7cb38d337d3fa4ca7,92,0xdc893995d488e5be8ec8ca1db92cbec2a1ab0775,0x89b585df208c727829232d892a50806c3a20a4e6,0x4c82d1fbfe28c977cbb58d8c7ff8fcf9f70a2cca,0x4c82d1fbfe28c977cbb58d8c7ff8fcf9f70a2cca,SELL_UPEG,uPEG,WETH,1600000000000000000,-673559611080522769,1600000000000000000,-673559611080522769,1.6,0.673559611080522769,0.420974756925326730625,51265532178210890308468892743,63551118690400905755,-8707
25043028,1778155307,2026-05-07T12:01:47+00:00,0x35b3bee6a297ab3d861ad636c71952ecee81ce75e257e9807184ee14ea0a5cae,476,0xdc893995d488e5be8ec8ca1db92cbec2a1ab0775,0xf1e9d7adbf331d50cb8fe5cdbfcbd4e68cf76e5f,0x2ffea7c181ff67314363b90b978519a83e12e4d0,0x000000000004444c5dc75cb358380d2e3de08a90,BUY_UPEG,uPEG,WETH,-202439431335563630,85792193832059904,-202439431335563630,85792193832059904,0.20243943133556363,0.085792193832059904,0.4237919128010725903286529871,51371418375579187823981959670,63551118690400905755,-8666
25043029,1778155319,2026-05-07T12:01:59+00:00,0xc38bb96239c0ea9b9e0b496e8c95d0630377b91171f126895d390e082352f6fd,154,0xdc893995d488e5be8ec8ca1db92cbec2a1ab0775,0x88b3724fc8042618bd9a431142a5137b2c495510,0x28b1dc1a5e3699a428bc51d234dfab7c9cb2a183,0x88b3724fc8042618bd9a431142a5137b2c495510,BUY_UPEG,uPEG,WETH,-442377017463770221,188708000000000000,-442377017463770221,188708000000000000,0.442377017463770221,0.188708,0.4265773142599000451510791408,51597643702442349674048222223,70885130374568753577,-8578
25043032,1778155355,2026-05-07T12:02:35+00:00,0x4d6b2bb305f52193646d6a4969d1ce471809afeb778d53bdaa9170a6b7b194c4,329,0xdc893995d488e5be8ec8ca1db92cbec2a1ab0775,0x06544c02f1c663d6b7181feb04a9c0e35d3456b1,0xa5f91e598668040055dc861a7316e677a5b730b0,0x3d90f66b534dd8482b181e24655a9e8265316be9,SELL_UPEG,uPEG,WETH,194219141277974366,-81404717194538279,194219141277974366,-81404717194538279,0.194219141277974366,0.081404717194538279,0.4191384878899681857957935042,51502839068394927175433659524,63551118690400905755,-8615
25043034,1778155379,2026-05-07T12:02:59+00:00,0xe3f000930fdb5e87d7f26954b3d7f81f5b1c5ac6bbee6068a4ffbfe07d79c9e9,84,0xdc893995d488e5be8ec8ca1db92cbec2a1ab0775,0x49ff0e1119ac87c68863e1f1816e18680d625534,0x4c82d1fbfe28c977cbb58d8c7ff8fcf9f70a2cca,0x49ff0e1119ac87c68863e1f1816e18680d625534,BUY_UPEG,uPEG,WETH,-100000000000000000,42727580336307949,-100000000000000000,42727580336307949,0.1,0.042727580336307949,0.42727580336307949,51553936781893479519465122398,70885130374568753577,-8595
25043035,1778155391,2026-05-07T12:03:11+00:00,0xef962dfe11b9056dac5a3fa4a3bac48304113c9ebffaedf36096c29722dd9bcb,729,0xdc893995d488e5be8ec8ca1db92cbec2a1ab0775,0xa9d6eec339c51b031ee46bf349a63ef3d1a61d64,0xa5f91e598668040055dc861a7316e677a5b730b0,0x3d90f66b534dd8482b181e24655a9e8265316be9,SELL_UPEG,uPEG,WETH,794917000000000000,-330569670994011820,794917000000000000,-330569670994011820,0.794917,0.33056967099401182,0.4158543231482177636155724434,51143458263076213496480649097,63551118690400905755,-8755
25043038,1778155427,2026-05-07T12:03:47+00:00,0xa3ecb3cecd5c764f5937220a79deab15704da125f11fb7fe5aaa6f0483e5bb67,233,0xdc893995d488e5be8ec8ca1db92cbec2a1ab0775,0xa1de68d07945b1ff1222a73418fa295cf02ed102,0x6745024462abf2c049f54b381c4ad4a8c8d999c4,0x21ff5cf76f562c6fb3871b59133a9e214ebc0078,BUY_UPEG,uPEG,WETH,-4292613795067676,1806868612979858,-4292613795067676,1806868612979858,0.004292613795067676,0.001806868612979858,0.4209250352444929132775136361,51145688331314672173193514411,63551118690400905755,-8754
25043043,1778155487,2026-05-07T12:04:47+00:00,0xb330dd5f34a89a17471fbae3ebe8cb37ea02e28a10602715b6a4999063e4dbb5,623,0xdc893995d488e5be8ec8ca1db92cbec2a1ab0775,0x7aa5bc7c0df96ab0de8f3207f1e2e880fa3f14bd,0x4c82d1fbfe28c977cbb58d8c7ff8fcf9f70a2cca,0x4c82d1fbfe28c977cbb58d8c7ff8fcf9f70a2cca,SELL_UPEG,uPEG,WETH,321917812553475923,-132383972430941873,321917812553475923,-132383972430941873,0.321917812553475923,0.132383972430941873,0.4112353130783984967061698987,50980647351735082233774440045,63551118690400905755,-8819
25043044,1778155499,2026-05-07T12:04:59+00:00,0xcd6b980aa26b92c043410691e82949cd75f583c920b11235feea25deb45383f3,417,0xdc893995d488e5be8ec8ca1db92cbec2a1ab0775,0xf71dbfd9178cb033b2b3f3f3974d23e06e152e88,0x4c82d1fbfe28c977cbb58d8c7ff8fcf9f70a2cca,0xf71dbfd9178cb033b2b3f3f3974d23e06e152e88,BUY_UPEG,uPEG,WETH,-119406588231505893,50000000000000000,-119406588231505893,50000000000000000,0.119406588231505893,0.05,0.4187373639975361544983124612,51042358209470910777894567879,63551118690400905755,-8794
25043048,1778155547,2026-05-07T12:05:47+00:00,0x9f00e0c5734c36fa7aa22813b42a8a96590e42df3c8c4731ecbd63d936945123,409,0xdc893995d488e5be8ec8ca1db92cbec2a1ab0775,0x8b413888ccfc777aad8c2889e90d40900994ae27,0x6747bcaf9bd5a5f0758cbe08903490e45ddfacb5,0x28b1dc1a5e3699a428bc51d234dfab7c9cb2a183,SELL_UPEG,uPEG,WETH,856565498932324843,-348963972921455659,856565498932324843,-348963972921455659,0.856565498932324843,0.348963972921455659,0.4073990527944745692582667928,50607310409715648665277832979,63551118690400905755,-8966
25043052,1778155595,2026-05-07T12:06:35+00:00,0xa7ecfa5e1e3e87a8681864ca6faea436358b5a801788916954630457a0f8f81e,459,0xdc893995d488e5be8ec8ca1db92cbec2a1ab0775,0x17837a5a47e898eff90c45efc070166d046a0fc2,0xa5f91e598668040055dc861a7316e677a5b730b0,0xa5f91e598668040055dc861a7316e677a5b730b0,SELL_UPEG,uPEG,WETH,207780553043881240,-83754904670598535,207780553043881240,-83754904670598535,0.20778055304388124,0.083754904670598535,0.4030930876043549199741145973,50502743997928324512364986960,62971386206274148875,-9007
25043053,1778155607,2026-05-07T12:06:47+00:00,0xf1690bd66f4f1b4cf50bf7cf71f9d8f2ae8a320ab9e38b706acbc2bc597f3df5,112,0xdc893995d488e5be8ec8ca1db92cbec2a1ab0775,0x817d6f067e2dc3f6cd4904c017a5c859d52632a1,0x4c82d1fbfe28c977cbb58d8c7ff8fcf9f70a2cca,0x4c82d1fbfe28c977cbb58d8c7ff8fcf9f70a2cca,SELL_UPEG,uPEG,WETH,475357481013599205,-190310328678419498,475357481013599205,-190310328678419498,0.475357481013599205,0.190310328678419498,0.4003520219617097575060109485,50263302903217682872180230377,62971386206274148875,-9102
25043055,1778155631,2026-05-07T12:07:11+00:00,0x6068ce40d678b4ea37f0a068fe88f6088d263d1479177dcc33657105d7241031,344,0xdc893995d488e5be8ec8ca1db92cbec2a1ab0775,0xb00f58ae9fc82b8964d2ba277befa7568f86a68d,0x6747bcaf9bd5a5f0758cbe08903490e45ddfacb5,0x28b1dc1a5e3699a428bc51d234dfab7c9cb2a183,SELL_UPEG,uPEG,WETH,400000000000000000,-158748223968303129,400000000000000000,-158748223968303129,0.4,0.158748223968303129,0.3968705599207578225,50063572027892622738192315001,62971386206274148875,-9182
25043059,1778155679,2026-05-07T12:07:59+00:00,0xf3c875e6cf4fc2839c740634bd4900f178c0ff1ffbb0b608f089af1b1c8a5b36,157,0xdc893995d488e5be8ec8ca1db92cbec2a1ab0775,0x0e3eb60df4d14b213dc4de53316ed7bcd4aadc87,0x6747bcaf9bd5a5f0758cbe08903490e45ddfacb5,0x3a8bfba8792f55eafce981e87db4e457045ba648,BUY_UPEG,uPEG,WETH,-303501625312672545,122782081560000378,-303501625312672545,122782081560000378,0.303501625312672545,0.122782081560000378,0.4045516442737602666904623680,50216506897279364595699867701,62971386206274148875,-9121
25043061,1778155703,2026-05-07T12:08:23+00:00,0x9282e6eb6a7b76f023b8574cbc35666947b4185d78bc8833e2bd5687d25d6eed,438,0xdc893995d488e5be8ec8ca1db92cbec2a1ab0775,0x3a9c17cd7b7d0d144cfd115fd3d003c7bfd1339e,0x4c82d1fbfe28c977cbb58d8c7ff8fcf9f70a2cca,0x3a9c17cd7b7d0d144cfd115fd3d003c7bfd1339e,BUY_UPEG,uPEG,WETH,-245824669855899149,100000000000000000,-245824669855899149,100000000000000000,0.245824669855899149,0.1,0.4067939969516459073958019799,50341064868152342998848564320,62971386206274148875,-9071
25043072,1778155835,2026-05-07T12:10:35+00:00,0x48de01fa82ae974b55d830d0b9fb6238d42998e750fa996f48685f4f7ef29682,825,0xdc893995d488e5be8ec8ca1db92cbec2a1ab0775,0xa400cdd18bc88974707e05267c466154484384a3,0xa5f91e598668040055dc861a7316e677a5b730b0,0xa400cdd18bc88974707e05267c466154484384a3,BUY_UPEG,uPEG,WETH,-166111878068128752,67854656218953143,-166111878068128752,67854656218953143,0.166111878068128752,0.067854656218953143,0.4084876831693118714743769106,50425583251081506282625664377,62971386206274148875,-9038
25043074,1778155859,2026-05-07T12:10:59+00:00,0x3396761a621b1c9991261d22501e1d57fdfde62f14a456d87c9b250a1c276c90,339,0xdc893995d488e5be8ec8ca1db92cbec2a1ab0775,0x1d9e405596763bcde185789b436c73728c9720e6,0xa5f91e598668040055dc861a7316e677a5b730b0,0x3d90f66b534dd8482b181e24655a9e8265316be9,SELL_UPEG,uPEG,WETH,223068157639568249,-89258007510635155,223068157639568249,-89258007510635155,0.223068157639568249,0.089258007510635155,0.4001378253854480299470141469,50313282278357367078438609212,62971386206274148875,-9082
25043079,1778155919,2026-05-07T12:11:59+00:00,0xbd22e68676ce176a3fe0a18d09d5de6a2fb190b236998b131b3cf01eb2ff0f27,77,0xdc893995d488e5be8ec8ca1db92cbec2a1ab0775,0x3391626561e43d498e95cc44509d30e211abc4ea,0xe7113880882f6cb6ce5357b5eca59a6cbb8e0207,0xe7113880882f6cb6ce5357b5eca59a6cbb8e0207,SELL_UPEG,uPEG,WETH,2957983102254321376,-1146068395729597865,2957983102254321376,-1146068395729597865,2.957983102254321376,1.146068395729597865,0.3874492707061655260746690674,48803700610721122166323405505,58480482750110257369,-9691
25043080,1778155931,2026-05-07T12:12:11+00:00,0x6e46f7985641e66d2f43f9cfdd6b13013753a512e56c3caf9c8aa16e98da88f8,16,0xdc893995d488e5be8ec8ca1db92cbec2a1ab0775,0x00000000fd3a7b3fa5bcfa843c648714b11e089b,0x00000000fd3a7b3fa5bcfa843c648714b11e089b,0x000000000004444c5dc75cb358380d2e3de08a90,BUY_UPEG,uPEG,WETH,-1017322277205459575,394138252573068350,-1017322277205459575,394138252573068350,1.017322277205459575,0.39413825257306835,0.3874271323889113420406359006,49332331353472804833335073269,58480482750110257369,-9476
25043080,1778155931,2026-05-07T12:12:11+00:00,0x8242512ed2372af13426bc1616a1b9ad40e18dbbf0d4a1a982148e49ae57bb66,327,0xdc893995d488e5be8ec8ca1db92cbec2a1ab0775,0xaf02ed92699c10b0d70da0d75474dd4b34655689,0x68b3465833fb72a70ecdf485e0e4c7bd8665fc45,0x6eac3e66c37b31f32e7908e192f21b81367ba58d,BUY_UPEG,uPEG,WETH,-25527778549343297,10000000000000000,-25527778549343297,10000000000000000,0.025527778549343297,0.01,0.3917301296182409241132612250,49345743671087261224520108806,58480482750110257369,-9471
25043080,1778155931,2026-05-07T12:12:11+00:00,0x720d62fadf85e531818e22ab44d903c06d20bb966ab57864daf7807325e5eedc,478,0xdc893995d488e5be8ec8ca1db92cbec2a1ab0775,0x745b88ce3afa72e045470b2ab08dc6371153d74b,0x68b3465833fb72a70ecdf485e0e4c7bd8665fc45,0x745b88ce3afa72e045470b2ab08dc6371153d74b,BUY_UPEG,uPEG,WETH,-126960162262934166,49815000000000000,-126960162262934166,49815000000000000,0.126960162262934166,0.049815,0.3923671733880842440908879349,49412557131283675737208363334,58480482750110257369,-9444
25043080,1778155931,2026-05-07T12:12:11+00:00,0x6fc5072168ae157674bcfffec7a17d33d012f235137b9a96892b75c19acfe6b2,494,0xdc893995d488e5be8ec8ca1db92cbec2a1ab0775,0xf81b0a7f88499d88008bf052201f1f726da14b4e,0x68b3465833fb72a70ecdf485e0e4c7bd8665fc45,0xf81b0a7f88499d88008bf052201f1f726da14b4e,BUY_UPEG,uPEG,WETH,-50621878355457467,19900000000000000,-50621878355457467,19900000000000000,0.050621878355457467,0.0199,0.3931106597875701217803805388,49439247643336443955666584052,58480482750110257369,-9433
25043080,1778155931,2026-05-07T12:12:11+00:00,0x7b795e5855f40ebc42e2003effd4ccc3ec53f19e3ec5d37524ccd481e3c94ecf,498,0xdc893995d488e5be8ec8ca1db92cbec2a1ab0775,0x7c0988a82819bf6756530dca8ca98b40a7974d42,0x68b3465833fb72a70ecdf485e0e4c7bd8665fc45,0x7c0988a82819bf6756530dca8ca98b40a7974d42,BUY_UPEG,uPEG,WETH,-50541852927529188,19890000000000000,-50541852927529188,19890000000000000,0.050541852927529188,0.01989,0.3935352356099769051852202890,49465924743071597717733619735,58480482750110257369,-9422
25043081,1778155943,2026-05-07T12:12:23+00:00,0x4b634718c368077511e4c3321e8b51206ce567bbbb3334b4602854be6bd0f84d,295,0xdc893995d488e5be8ec8ca1db92cbec2a1ab0775,0x6d0a6672de2e4fd4e4d0a7a4eb010b5f7c744940,0x28b1dc1a5e3699a428bc51d234dfab7c9cb2a183,0x6d0a6672de2e4fd4e4d0a7a4eb010b5f7c744940,BUY_UPEG,uPEG,WETH,-501850591676214904,198640000000000000,-501850591676214904,198640000000000000,0.501850591676214904,0.19864,0.3958150160519467972862750648,49723981278584021151634555069,60866559694954083776,-9318
25043081,1778155943,2026-05-07T12:12:23+00:00,0xdfb34bbdecf4cfb320d148c15b60158fbcc49f5a57c5d29b2fc786f1cc6713a5,303,0xdc893995d488e5be8ec8ca1db92cbec2a1ab0775,0xa1076cf8721ce188e302c3957cbfda0aaabe7476,0x28b1dc1a5e3699a428bc51d234dfab7c9cb2a183,0xa1076cf8721ce188e302c3957cbfda0aaabe7476,BUY_UPEG,uPEG,WETH,-49815231607598797,19830000000000000,-49815231607598797,19830000000000000,0.049815231607598797,0.01983,0.3980710188442672850329423800,49749535269573924701153866588,60866559694954083776,-9308
25043081,1778155943,2026-05-07T12:12:23+00:00,0xe79cbcb95235498d43a62a13ef5936cd2f45c3e2a5cf7adc973cbe6a94da0c95,639,0xdc893995d488e5be8ec8ca1db92cbec2a1ab0775,0x52cc95ac628da03310d7a7c1de3f4c2f30229e31,0xa5f91e598668040055dc861a7316e677a5b730b0,0x3d90f66b534dd8482b181e24655a9e8265316be9,SELL_UPEG,uPEG,WETH,617867769384741709,-239667992721921712,617867769384741709,-239667992721921712,0.617867769384741709,0.239667992721921712,0.3878952821257815411988089265,49434246348983956113438461073,58480482750110257369,-9435
25043081,1778155943,2026-05-07T12:12:23+00:00,0xd523aff81367d552de9a3b5b45dfef00d73c5ca8a55e0702e8bc7f5cf3864e41,1031,0xdc893995d488e5be8ec8ca1db92cbec2a1ab0775,0x745b88ce3afa72e045470b2ab08dc6371153d74b,0x68b3465833fb72a70ecdf485e0e4c7bd8665fc45,0x745b88ce3afa72e045470b2ab08dc6371153d74b,BUY_UPEG,uPEG,WETH,-126506279076194636,49815000000000000,-126506279076194636,49815000000000000,0.126506279076194636,0.049815,0.3937749206108296273430739267,49501059809180370626126715601,58480482750110257369,-9408
25043081,1778155943,2026-05-07T12:12:23+00:00,0xdfce99586731abcc323512094198037a591f104f61c5cd74c36ef5852ee2d6f7,1035,0xdc893995d488e5be8ec8ca1db92cbec2a1ab0775,0x745b88ce3afa72e045470b2ab08dc6371153d74b,0x68b3465833fb72a70ecdf485e0e4c7bd8665fc45,0x745b88ce3afa72e045470b2ab08dc6371153d74b,BUY_UPEG,uPEG,WETH,-126168812801348547,49815000000000000,-126168812801348547,49815000000000000,0.126168812801348547,0.049815,0.3948281583534687557235769184,49565955190136921932403897984,60866559694954083776,-9382
25043081,1778155943,2026-05-07T12:12:23+00:00,0x27ac0241edc3af411faaf87b1ccaded931085cc599c6ffebd15b13f6b01747f2,1039,0xdc893995d488e5be8ec8ca1db92cbec2a1ab0775,0x745b88ce3afa72e045470b2ab08dc6371153d74b,0x68b3465833fb72a70ecdf485e0e4c7bd8665fc45,0x745b88ce3afa72e045470b2ab08dc6371153d74b,BUY_UPEG,uPEG,WETH,-125841948420479864,49815000000000000,-125841948420479864,49815000000000000,0.125841948420479864,0.049815,0.3958536928683867247414429732,49630149444355885387739475560,60866559694954083776,-9356
25043082,1778155955,2026-05-07T12:12:35+00:00,0x8324de0fd206f8d9e8b2c3ec2daae67389a2f63eb853ddf3fba35b39c09226bd,349,0xdc893995d488e5be8ec8ca1db92cbec2a1ab0775,0x1f828ce4bbb97a5fdc424ad93c081860448824f1,0xf4a1c3a0f386867938443436e07c60f8c35ceb71,0xf4a1c3a0f386867938443436e07c60f8c35ceb71,SELL_UPEG,uPEG,WETH,607089454435615975,-234367688221607261,607089454435615975,-234367688221607261,0.607089454435615975,0.234367688221607261,0.3860513249064562678119463250,49317170176745514117199830566,58480482750110257369,-9482
25043085,1778155991,2026-05-07T12:13:11+00:00,0xced01095626cf9ea19e2bd809ce969c5482b525dda69acb17d65dbc3258d7315,142,0xdc893995d488e5be8ec8ca1db92cbec2a1ab0775,0x49ff0e1119ac87c68863e1f1816e18680d625534,0x4c82d1fbfe28c977cbb58d8c7ff8fcf9f70a2cca,0x49ff0e1119ac87c68863e1f1816e18680d625534,BUY_UPEG,uPEG,WETH,-100000000000000000,39180001443344451,-100000000000000000,39180001443344451,0.1,0.039180001443344451,0.39180001443344451,49369719639094813677346527391,58480482750110257369,-9461
25043085,1778155991,2026-05-07T12:13:11+00:00,0xd4b36155c9ad3e2259157f09b29ed6a9a89a1db1c5955126098f98c136a31866,830,0xdc893995d488e5be8ec8ca1db92cbec2a1ab0775,0x3a2ddbb2b997be1bdb3bc9221d4da121e790ccc8,0x6747bcaf9bd5a5f0758cbe08903490e45ddfacb5,0x3a2ddbb2b997be1bdb3bc9221d4da121e790ccc8,BUY_UPEG,uPEG,WETH,-113940194915405001,44743660000000000,-113940194915405001,44743660000000000,0.113940194915405001,0.04474366,0.3926942553786218299965192997,49429731257010138462547550107,58480482750110257369,-9437
25043086,1778156003,2026-05-07T12:13:23+00:00,0x1111605163c0858a8cf544d85aa06e5ad1b9845811caa616e07c68dc32a86b9f,711,0xdc893995d488e5be8ec8ca1db92cbec2a1ab0775,0x068a4a45c0bc363fcfd2c5c9a738feb02316013f,0x6747bcaf9bd5a5f0758cbe08903490e45ddfacb5,0x068a4a45c0bc363fcfd2c5c9a738feb02316013f,BUY_UPEG,uPEG,WETH,-351741186803111697,138810000000000000,-351741186803111697,138810000000000000,0.351741186803111697,0.13881,0.3946367534084069622475309175,49612106526256854785520793931,60866559694954083776,-9363
25043090,1778156051,2026-05-07T12:14:11+00:00,0x5404ec8a9f0956145eddbbcdcb55daeac8ceb34a61d1193b87e6ca1e56361c30,7,0xdc893995d488e5be8ec8ca1db92cbec2a1ab0775,0xae2fc483527b8ef99eb5d9b44875f005ba1fae13,0x1f2f10d1c40777ae1da742455c65828ff36df387,0x1f2f10d1c40777ae1da742455c65828ff36df387,BUY_UPEG,uPEG,WETH,-785769880330610865,313762792790294528,-785769880330610865,313762792790294528,0.785769880330610865,0.313762792790294528,0.3993062099278729754007296996,50016437922118184121737979912,60866559694954083776,-9201
25043090,1778156051,2026-05-07T12:14:11+00:00,0x16a809c09c045d1ae878434197af60ae0fa49d8343671901ce8d7308b60eab0f,17,0xdc893995d488e5be8ec8ca1db92cbec2a1ab0775,0x63c9c98c84fae150f0649560b94bacd42c467654,0x4c82d1fbfe28c977cbb58d8c7ff8fcf9f70a2cca,0x63c9c98c84fae150f0649560b94bacd42c467654,BUY_UPEG,uPEG,WETH,-1500000000000000000,605915358039280454,-1500000000000000000,605915358039280454,1.5,0.605915358039280454,0.4039435720261869693333333333,50377156110619711272424311732,62971386206274148875,-9057
25043094,1778156099,2026-05-07T12:14:59+00:00,0x95aeee051ca0ece7c3ee5aaa1cc71ac920004c29793327d9ff3376301f782727,52,0xdc893995d488e5be8ec8ca1db92cbec2a1ab0775,0x703f965b5e79081a4d17e19b2cee57520efb0b68,0x28b1dc1a5e3699a428bc51d234dfab7c9cb2a183,0x28b1dc1a5e3699a428bc51d234dfab7c9cb2a183,SELL_UPEG,uPEG,WETH,500000000000000000,-199135197833573657,500000000000000000,-199135197833573657,0.5,0.199135197833573657,0.398270395667147314,50126611906866791478508538714,62971386206274148875,-9157
25043099,1778156159,2026-05-07T12:15:59+00:00,0x478d2e9d1091b34d6cd1777af4aad8b28e9f50a7d0031328c854f34b3da22f9d,734,0xdc893995d488e5be8ec8ca1db92cbec2a1ab0775,0x66235ecee9a4502ba68c68273b7ef292948b66ec,0x6747bcaf9bd5a5f0758cbe08903490e45ddfacb5,0x66235ecee9a4502ba68c68273b7ef292948b66ec,BUY_UPEG,uPEG,WETH,-161661064164609857,65471719500000000,-161661064164609857,65471719500000000,0.161661064164609857,0.0654717195,0.4049937431646128337481334032,50208162152171639599913632532,62971386206274148875,-9124
25043101,1778156183,2026-05-07T12:16:23+00:00,0x440a3e5c2cf8ecaea3cc8087b280409c404c447aacbcbaa154a0453271480d50,706,0xdc893995d488e5be8ec8ca1db92cbec2a1ab0775,0x02de4fcde981b5e76cbc4bb5024bb5ac99ec9ead,0x4c82d1fbfe28c977cbb58d8c7ff8fcf9f70a2cca,0x4c82d1fbfe28c977cbb58d8c7ff8fcf9f70a2cca,SELL_UPEG,uPEG,WETH,31000000000000000,-12321178761787388,31000000000000000,-12321178761787388,0.031,0.012321178761787388,0.3974573794124963870967741935,50192660121612735825497516925,62971386206274148875,-9130
25043106,1778156243,2026-05-07T12:17:23+00:00,0xc3415cb7214d7601bf702ecb1058a5b43132ded9a66c73d6ac3fad0e9e8e6064,23,0xdc893995d488e5be8ec8ca1db92cbec2a1ab0775,0x34edc3b53ffc40902d92c171aa65a99332a08f00,0x28b1dc1a5e3699a428bc51d234dfab7c9cb2a183,0x34edc3b53ffc40902d92c171aa65a99332a08f00,BUY_UPEG,uPEG,WETH,-170906007792545023,69405000000000007,-170906007792545023,69405000000000007,0.170906007792545023,0.069405000000000007,0.4061004109594997878324650612,50279109581297126493751837745,62971386206274148875,-9096
25043108,1778156267,2026-05-07T12:17:47+00:00,0x9b1e1b8729b2327a967fbb2c5a7f808519bb45dcb91a7f7bc5dc5cb68e069665,101,0xdc893995d488e5be8ec8ca1db92cbec2a1ab0775,0x7470a213536b7fb86a84e31c148ef11a1dd3ca52,0x6747bcaf9bd5a5f0758cbe08903490e45ddfacb5,0x28b1dc1a5e3699a428bc51d234dfab7c9cb2a183,SELL_UPEG,uPEG,WETH,652200000000000000,-258351844183638835,652200000000000000,-258351844183638835,0.6522,0.258351844183638835,0.3961236494689341229684145967,49951898855152774387527879550,60866559694954083776,-9226
25043113,1778156327,2026-05-07T12:18:47+00:00,0xa755233cf2693b2130e853be82498a86bd2164022ad456c7a9e9d758ec2effc5,248,0xdc893995d488e5be8ec8ca1db92cbec2a1ab0775,0xf315c33023cde34ccaad6cbd9f9ae0bc1c234b6e,0xa5f91e598668040055dc861a7316e677a5b730b0,0x3d90f66b534dd8482b181e24655a9e8265316be9,SELL_UPEG,uPEG,WETH,200000000000000000,-78545302194767623,200000000000000000,-78545302194767623,0.2,0.078545302194767623,0.392726510973838115,49849658807445018903519310322,60866559694954083776,-9267
25043119,1778156399,2026-05-07T12:19:59+00:00,0x89cee8ac9604e4f8e80828971b9ecbea4bc39be30c73467904a00b2c204679fe,562,0xdc893995d488e5be8ec8ca1db92cbec2a1ab0775,0x04c6132b8358046f393a4e9c4925148be966f4db,0x28b1dc1a5e3699a428bc51d234dfab7c9cb2a183,0x04c6132b8358046f393a4e9c4925148be966f4db,BUY_UPEG,uPEG,WETH,-24830993710949158,9932000000000000,-24830993710949158,9932000000000000,0.024830993710949158,0.009932,0.3999839924094746183934580800,49862584222549865423256026507,60270804664420643838,-9262
25043120,1778156411,2026-05-07T12:20:11+00:00,0x9fa1ea23cf8e039ba93b62779cd4223d240cca36a838062965615e84b1cc0702,352,0xdc893995d488e5be8ec8ca1db92cbec2a1ab0775,0xe2ee4ddc8c83aecedfc9daeaa18ac168bf0d759e,0x4c82d1fbfe28c977cbb58d8c7ff8fcf9f70a2cca,0xe2ee4ddc8c83aecedfc9daeaa18ac168bf0d759e,BUY_UPEG,uPEG,WETH,-274152638477621529,110000000000000000,-274152638477621529,110000000000000000,0.274152638477621529,0.11,0.4012363353890502706055485773,50005737229148044759848734963,60270804664420643838,-9205
25043123,1778156447,2026-05-07T12:20:47+00:00,0xaac74179d8614034db16c94876da0ace7fd6c42b93c969861928625df7eb2201,84,0xdc893995d488e5be8ec8ca1db92cbec2a1ab0775,0x7e32996973d8508455af8867033ea5aecb84896c,0x28b1dc1a5e3699a428bc51d234dfab7c9cb2a183,0x7e32996973d8508455af8867033ea5aecb84896c,BUY_UPEG,uPEG,WETH,-147619436363106173,59490000000000000,-147619436363106173,59490000000000000,0.147619436363106173,0.05949,0.4029957129335582134407360413,50080910836834696351383817746,62375631175740708937,-9175
25043124,1778156459,2026-05-07T12:20:59+00:00,0x3389cbef8faebbe9b71bc79ccc438d62c227be71924c256c9a1ad27f7756cadf,1354,0xdc893995d488e5be8ec8ca1db92cbec2a1ab0775,0x4b5617694f6224dc6363ac5eb1e991b1c89e72f1,0x6747bcaf9bd5a5f0758cbe08903490e45ddfacb5,0x4b5617694f6224dc6363ac5eb1e991b1c89e72f1,BUY_UPEG,uPEG,WETH,-224950738284863988,90997332421395770,-224950738284863988,90997332421395770,0.224950738284863988,0.09099733242139577,0.4045211547879529989216501898,50195337830077024104065269363,62375631175740708937,-9129
25043126,1778156483,2026-05-07T12:21:23+00:00,0x8db77600c1d0db8856f3af15559f6d9b48a78c11d517bb6925d845c4bb93794b,63,0xdc893995d488e5be8ec8ca1db92cbec2a1ab0775,0x3bc3a28d8d9f7638a5ca7c1cabea92fde42976f0,0x8f10b468b06c6fd214b65f87778827f7d113f996,0x8f10b468b06c6fd214b65f87778827f7d113f996,SELL_UPEG,uPEG,WETH,690000000000000000,-272285512534350584,690000000000000000,-272285512534350584,0.69,0.272285512534350584,0.3946166848323921507246376812,49843650885509232262127142765,60270804664420643838,-9270
25043127,1778156495,2026-05-07T12:21:35+00:00,0x637b9d3ab25039747b8477a81d84cb7de1abc15471c934bea276b1b1ce7411ed,185,0xdc893995d488e5be8ec8ca1db92cbec2a1ab0775,0x42ae6345af8cbaa249904f611e9bff4d2342acff,0xc10ee9031f2a0b84766a86b55a8d90f357910fb4,0xc10ee9031f2a0b84766a86b55a8d90f357910fb4,SELL_UPEG,uPEG,WETH,348424391426076139,-136032720686245506,348424391426076139,-136032720686245506,0.348424391426076139,0.136032720686245506,0.3904224963398035936605679618,49664830931772167159216939550,60270804664420643838,-9342
25043129,1778156519,2026-05-07T12:21:59+00:00,0x342c259d74bd450e88c9615efc9d6bf2bcbf308fbcf3661aad297d17e266ae61,676,0xdc893995d488e5be8ec8ca1db92cbec2a1ab0775,0x19dbbeb47f38025844f82b1b4f10ff2dc371ff0c,0x4c82d1fbfe28c977cbb58d8c7ff8fcf9f70a2cca,0x19dbbeb47f38025844f82b1b4f10ff2dc371ff0c,BUY_UPEG,uPEG,WETH,-251281158342401518,100000000000000000,-251281158342401518,100000000000000000,0.251281158342401518,0.1,0.3979605978405180988350072832,49794970028679602919755765419,60270804664420643838,-9289
25043130,1778156531,2026-05-07T12:22:11+00:00,0x37e26a33c33e4d72ba011e562862fee2e05b0090a6fcaefc099b418afe17835b,361,0xdc893995d488e5be8ec8ca1db92cbec2a1ab0775,0x06544c02f1c663d6b7181feb04a9c0e35d3456b1,0xa5f91e598668040055dc861a7316e677a5b730b0,0x06544c02f1c663d6b7181feb04a9c0e35d3456b1,BUY_UPEG,uPEG,WETH,-344387399693639150,137907000000000000,-344387399693639150,137907000000000000,0.34438739969363915,0.137907,0.4004414799225511507225023468,49974440953051740354042044010,60270804664420643838,-9217
25043140,1778156663,2026-05-07T12:24:23+00:00,0xe39621979716c8a41ceaa64f6cada586123f84666fe8e8995d2ec83b14983db7,455,0xdc893995d488e5be8ec8ca1db92cbec2a1ab0775,0xcbdcb14d4963a045d6517a89aab07a097230c9bc,0x7f54f05635d15cde17a49502fedb9d1803a3be8a,0x7f54f05635d15cde17a49502fedb9d1803a3be8a,SELL_UPEG,uPEG,WETH,100494729699163176,-39541791174719939,100494729699163176,-39541791174719939,0.100494729699163176,0.039541791174719939,0.3934712924059857958978752958,49921667133699376853765693405,59363212588014245528,-9238
25043143,1778156699,2026-05-07T12:24:59+00:00,0xf763c278a8cee5660d3cf5154ba8c418d9420f38bbd5efa10118d67b30239da2,65,0xdc893995d488e5be8ec8ca1db92cbec2a1ab0775,0x4e23424b3c635ec2cad284787467b1700517421d,0x28b1dc1a5e3699a428bc51d234dfab7c9cb2a183,0x3a8bfba8792f55eafce981e87db4e457045ba648,BUY_UPEG,uPEG,WETH,-200244397623404187,80476274960614221,-200244397623404187,80476274960614221,0.200244397623404187,0.080476274960614221,0.4018902696691890169274921682,50027608875968321127466950288,61468039099334310627,-9196
25043145,1778156723,2026-05-07T12:25:23+00:00,0x34d54a6526ee562df45a143ef02ddd271fa2ba6f9697c5f980d6b0af2cac50ed,447,0xdc893995d488e5be8ec8ca1db92cbec2a1ab0775,0x8409ec18bbc93a03f8bcfff9ce0be8cdb4d56cb1,0x4c82d1fbfe28c977cbb58d8c7ff8fcf9f70a2cca,0x8409ec18bbc93a03f8bcfff9ce0be8cdb4d56cb1,BUY_UPEG,uPEG,WETH,-900000000000000000,365848702582227888,-900000000000000000,365848702582227888,0.9,0.365848702582227888,0.4064985584246976533333333333,50494447670236773797199791833,61468039099334310627,-9010
25043185,1778157203,2026-05-07T12:33:23+00:00,0x383b64d78aeb8502553ec9ed753e491d10147a35d828dcdaad977838aace4da7,322,0xdc893995d488e5be8ec8ca1db92cbec2a1ab0775,0x4b79a7d682ad34d76509c35de32d34f9aec4a3ec,0x7f54f05635d15cde17a49502fedb9d1803a3be8a,0x7f54f05635d15cde17a49502fedb9d1803a3be8a,SELL_UPEG,uPEG,WETH,84371168652038347,-33898914834888953,84371168652038347,-33898914834888953,0.084371168652038347,0.033898914834888953,0.4017831609598070857017465303,50451267081929083556941451322,62198057943491942060,-9027
25043185,1778157203,2026-05-07T12:33:23+00:00,0x0658ce9ba7f3d640b4d4e70c12fad8092abfb909c9877c5479a1789090be4759,408,0xdc893995d488e5be8ec8ca1db92cbec2a1ab0775,0x029e13c1dcde8972361c9552ced69b97596e0e86,0x8f10b468b06c6fd214b65f87778827f7d113f996,0x8f10b468b06c6fd214b65f87778827f7d113f996,SELL_UPEG,uPEG,WETH,26645111321051455,-10693514193597979,26645111321051455,-10693514193597979,0.026645111321051455,0.010693514193597979,0.4013311884776917237221431375,50437645636044893820472585384,62198057943491942060,-9033
25043193,1778157299,2026-05-07T12:34:59+00:00,0x7624e124aa619ad8f73cfc189c22dbf56ad7fa452b662233e6a760d8863c5772,445,0xdc893995d488e5be8ec8ca1db92cbec2a1ab0775,0x20fc548600fb6532c2ce762e51acac0fa5cfd630,0x28b1dc1a5e3699a428bc51d234dfab7c9cb2a183,0x28b1dc1a5e3699a428bc51d234dfab7c9cb2a183,SELL_UPEG,uPEG,WETH,341519551772532355,-136552889324621028,341519551772532355,-136552889324621028,0.341519551772532355,0.136552889324621028,0.3998391559601586124856622950,50263703959006801522478935036,62198057943491942060,-9102
25043198,1778157359,2026-05-07T12:35:59+00:00,0x8d3bd3cfecd15bfa1540d425251264b7de13f201c322de9a33b67f5be3b1307e,132,0xdc893995d488e5be8ec8ca1db92cbec2a1ab0775,0x0aa9103975747cccf7df4e6287a46ae3399c0a52,0x4c82d1fbfe28c977cbb58d8c7ff8fcf9f70a2cca,0x0aa9103975747cccf7df4e6287a46ae3399c0a52,BUY_UPEG,uPEG,WETH,-323535637052968164,131969114519738896,-323535637052968164,131969114519738896,0.323535637052968164,0.131969114519738896,0.4078966871217755754723152904,50430125774892391937143491848,62198057943491942060,-9036
25043202,1778157407,2026-05-07T12:36:47+00:00,0x53e8f2da7c0c7f3a4b6d4a7a8aef080c314a83b6cd06d8b9396cdee7b62ca5be,479,0xdc893995d488e5be8ec8ca1db92cbec2a1ab0775,0xa48fc482a944b4e84c8dbef86f49101f54c0307a,0xa5f91e598668040055dc861a7316e677a5b730b0,0x932cd8852df6f82de722a3bb59f4215af4497ae5,SELL_UPEG,uPEG,WETH,43708533813106337,-17523872836691296,43708533813106337,-17523872836691296,0.043708533813106337,0.017523872836691296,0.4009256616024175390456761494,50407803787825753094906537133,62198057943491942060,-9045
25043204,1778157431,2026-05-07T12:37:11+00:00,0x754fa594af3ef97104552015eac4262f8f52cd89c69e2bcf98687c4355660e4b,80,0xdc893995d488e5be8ec8ca1db92cbec2a1ab0775,0xe4da31cf4922f418bee01dd86e72631ab643bb5d,0xa5f91e598668040055dc861a7316e677a5b730b0,0xb300000b72deaeb607a12d5f54773d1c19c7028d,BUY_UPEG,uPEG,WETH,-208109335876033528,85269341279874036,-208109335876033528,85269341279874036,0.208109335876033528,0.085269341279874036,0.4097333784711476730179415440,50512391508942671639697026100,63948002927087014270,-9003
25043204,1778157431,2026-05-07T12:37:11+00:00,0xfba68d3098313ce5e12b1a23ce7bdfc00abbaa8c9b392459ca43573d6c8641d4,491,0xdc893995d488e5be8ec8ca1db92cbec2a1ab0775,0xd222ea436216e21fae072873a5a698361b22db7b,0x7f54f05635d15cde17a49502fedb9d1803a3be8a,0x7f54f05635d15cde17a49502fedb9d1803a3be8a,SELL_UPEG,uPEG,WETH,70631156321425640,-28403087004865904,70631156321425640,-28403087004865904,0.07063115632142564,0.028403087004865904,0.4021325500549671271662346284,50477201600108550475564070015,63948002927087014270,-9017
25043211,1778157515,2026-05-07T12:38:35+00:00,0xbb771b599424b30e09e3fc18071a84c0e54bb6f4987142b69097d166c4b19b59,19,0xdc893995d488e5be8ec8ca1db92cbec2a1ab0775,0xa9ec08edd196b91bc9177420137804be1d6efda0,0x4c82d1fbfe28c977cbb58d8c7ff8fcf9f70a2cca,0x4c82d1fbfe28c977cbb58d8c7ff8fcf9f70a2cca,SELL_UPEG,uPEG,WETH,1548472647209962374,-612847608296498321,1548472647209962374,-612847608296498321,1.548472647209962374,0.612847608296498321,0.3957755465688896651664576490,49707750665818581901465593608,61843176415766949171,-9324
25043212,1778157527,2026-05-07T12:38:47+00:00,0x0686e96f8f86e0f34d016ab371a05ce25b113710bdbffcb09c4115133eae382c,75,0xdc893995d488e5be8ec8ca1db92cbec2a1ab0775,0x315d2ee4fccda0def532ef4108ff57204f8d9eba,0xc46fcd651bd6ac11255886feabdcebd58b870c86,0x62d63efdfdc7804666725f4cc8cb45c1a41a0809,BUY_UPEG,uPEG,WETH,-1012851464851626703,406875438944704704,-1012851464851626703,406875438944704704,1.012851464851626703,0.406875438944704704,0.4017128404946407048850197913,50216972106158734286918547817,63948002927087014270,-9121
25043212,1778157527,2026-05-07T12:38:47+00:00,0xd73b6e2f4a04ca02763e64cef1dddb523191f1223edaddf35a15206a00907b42,93,0xdc893995d488e5be8ec8ca1db92cbec2a1ab0775,0x4d8d787aed355ae9f9b0cc4939f077605df2290f,0xa5f91e598668040055dc861a7316e677a5b730b0,0xb300000b72deaeb607a12d5f54773d1c19c7028d,BUY_UPEG,uPEG,WETH,-844581427248584054,345618008847987298,-844581427248584054,345618008847987298,0.844581427248584054,0.345618008847987298,0.4092181022425706304033551774,50639799426812242194924975389,64527735411213771150,-8953
25043216,1778157575,2026-05-07T12:39:35+00:00,0x2f55ea5cca7891bacd5fa3f66d318b30ca08337d877c636f0b6e3937ef805c76,384,0xdc893995d488e5be8ec8ca1db92cbec2a1ab0775,0xf72258488679efb2c14726c33c57690d9593d474,0x4c82d1fbfe28c977cbb58d8c7ff8fcf9f70a2cca,0x4c82d1fbfe28c977cbb58d8c7ff8fcf9f70a2cca,SELL_UPEG,uPEG,WETH,1241699816527855498,-496123570580170271,1241699816527855498,-496123570580170271,1.241699816527855498,0.496123570580170271,0.3995519399909974559738405585,50026221725480625165802602811,63948002927087014270,-9197
25043220,1778157623,2026-05-07T12:40:23+00:00,0xc6f646d99b634aad16bc35798b34a3ddd1e470763fb6a994e2eaf24ea7051254,307,0xdc893995d488e5be8ec8ca1db92cbec2a1ab0775,0x3391626561e43d498e95cc44509d30e211abc4ea,0xe7113880882f6cb6ce5357b5eca59a6cbb8e0207,0x000000000004444c5dc75cb358380d2e3de08a90,BUY_UPEG,uPEG,WETH,-342151677453630485,138257729008589020,-342151677453630485,138257729008589020,0.342151677453630485,0.13825772900858902,0.4040831541073656138237954465,50195802732988909842828712068,63948002927087014270,-9129
25043223,1778157659,2026-05-07T12:40:59+00:00,0x43a19131c7a374e90cbf48aade7e848dff0294391caacf1ed3994dc60de0d605,142,0xdc893995d488e5be8ec8ca1db92cbec2a1ab0775,0xd2ea0263b19f526dd066ef6f18f1182b02171cb2,0x4c82d1fbfe28c977cbb58d8c7ff8fcf9f70a2cca,0x4c82d1fbfe28c977cbb58d8c7ff8fcf9f70a2cca,BUY_UPEG,uPEG,WETH,-807396328302512854,330000000000000000,-807396328302512854,330000000000000000,0.807396328302512854,0.33,0.4087212047320044064731033083,50599835969196366057562328086,64527735411213771150,-8969
25043235,1778157803,2026-05-07T12:43:23+00:00,0x76e59bebd37964db03d279e581f6e96d80a5c5b086c241923ca3801dd65db492,100,0xdc893995d488e5be8ec8ca1db92cbec2a1ab0775,0xb231128ad58a89d17b7770cc7b521f2b7629c923,0xa5f91e598668040055dc861a7316e677a5b730b0,0x3d90f66b534dd8482b181e24655a9e8265316be9,BUY_UPEG,uPEG,WETH,-294068016764442973,121511537260000000,-294068016764442973,121511537260000000,0.294068016764442973,0.12151153726,0.4132089528026921487758577981,50747537796983168229769960721,64527735411213771150,-8910
25043239,1778157851,2026-05-07T12:44:11+00:00,0x615fa17d81b0b085387f3301b565c7fbd334ce71e3c5db2ae639ca02fea9a895,256,0xdc893995d488e5be8ec8ca1db92cbec2a1ab0775,0x3f25e90ce33a11b109dcf283ff25af9509cbd5ca,0x53816c4b4678942935e9fe32ca37dd3a8b67089b,0x53816c4b4678942935e9fe32ca37dd3a8b67089b,BUY_UPEG,uPEG,WETH,-595239860792435776,248142559557461837,-595239860792435776,248142559557461837,0.595239860792435776,0.248142559557461837,0.4168782635408733997307496843,51049164378497889900987314493,64527735411213771150,-8792
25043246,1778157935,2026-05-07T12:45:35+00:00,0x8f164752fc067a0a205cd1ebdce2fa5279fdfd77936eb20648b8c5ad198d63d3,365,0xdc893995d488e5be8ec8ca1db92cbec2a1ab0775,0xb8921965ebd2588279e231e2ce7b4087e8219be6,0x4c82d1fbfe28c977cbb58d8c7ff8fcf9f70a2cca,0xb8921965ebd2588279e231e2ce7b4087e8219be6,BUY_UPEG,uPEG,WETH,-16689503069066256,7000000000000000,-16689503069066256,7000000000000000,0.016689503069066256,0.007,0.4194253100905320044825740708,51057595558094529803859411637,65121512349549102967,-8788
25043248,1778157959,2026-05-07T12:45:59+00:00,0x24a7027960e8503740b0d708145e1b8c7da4ea9986bfa8442180d783c2bd94b2,658,0xdc893995d488e5be8ec8ca1db92cbec2a1ab0775,0x84d2e7b71c765ff0e3ac1f9ed43774387526a3a7,0xa5f91e598668040055dc861a7316e677a5b730b0,0xddbab32b19711a385c7d95babacb499c28a31679,SELL_UPEG,uPEG,WETH,100000000000000000,-41074423474781191,100000000000000000,-41074423474781191,0.1,0.041074423474781191,0.41074423474781191,51007623575245421254923591549,65121512349549102967,-8808
25043252,1778158007,2026-05-07T12:46:47+00:00,0xb11d4543f9849f5dd26bad36e544153dcdde0ac00e6d7f36544efd466bf83c5d,493,0xdc893995d488e5be8ec8ca1db92cbec2a1ab0775,0xec8dde89f65007ab8e09689f23105905d487f68d,0xa5f91e598668040055dc861a7316e677a5b730b0,0x45719b393d18509e94d34f97cf593e6e9687cc08,SELL_UPEG,uPEG,WETH,822266454944854590,-334716901080643854,822266454944854590,-334716901080643854,0.82226645494485459,0.334716901080643854,0.4070662241755827043063728293,50600400154315888625324639887,65121512349549102967,-8968
25043253,1778158019,2026-05-07T12:46:59+00:00,0xba88a08d5575dc39eb035d79190cad0c6a21886b4ed4dda53c7ae99095fd9170,102,0xdc893995d488e5be8ec8ca1db92cbec2a1ab0775,0xd2ea0263b19f526dd066ef6f18f1182b02171cb2,0x4c82d1fbfe28c977cbb58d8c7ff8fcf9f70a2cca,0x4c82d1fbfe28c977cbb58d8c7ff8fcf9f70a2cca,BUY_UPEG,uPEG,WETH,-543186814302301914,225000000000000000,-543186814302301914,225000000000000000,0.543186814302301914,0.225,0.4142221314576680000910098558,50871402355636456931927762378,65121512349549102967,-8862
25043253,1778158019,2026-05-07T12:46:59+00:00,0xff9a8331051ba7817db70a5cd14810f08418ca69ee0d189eb235427b54898e1e,355,0xdc893995d488e5be8ec8ca1db92cbec2a1ab0775,0x84d2e7b71c765ff0e3ac1f9ed43774387526a3a7,0xa5f91e598668040055dc861a7316e677a5b730b0,0xa5f91e598668040055dc861a7316e677a5b730b0,SELL_UPEG,uPEG,WETH,300000000000000000,-122088507508102902,300000000000000000,-122088507508102902,0.3,0.122088507508102902,0.40696169169367634,50722866982838977165101627324,65121512349549102967,-8920
25043254,1778158031,2026-05-07T12:47:11+00:00,0x44ce209d79068f850fecbd6eb24613a8ff013bb94e920602a9f47b24cb853924,142,0xdc893995d488e5be8ec8ca1db92cbec2a1ab0775,0x817d6f067e2dc3f6cd4904c017a5c859d52632a1,0x4c82d1fbfe28c977cbb58d8c7ff8fcf9f70a2cca,0x817d6f067e2dc3f6cd4904c017a5c859d52632a1,BUY_UPEG,uPEG,WETH,-200000000000000000,82965583879341359,-200000000000000000,82965583879341359,0.2,0.082965583879341359,0.414827919396706795,50822795231128522778959211628,65121512349549102967,-8881
25043266,1778158175,2026-05-07T12:49:35+00:00,0x37df762af997573699dad8b376ea1a459382ac89f7d245bdfaabb87382dc4d26,88,0xdc893995d488e5be8ec8ca1db92cbec2a1ab0775,0x2cb708d97596a607a30467b33461b7e2e0aee137,0x28b1dc1a5e3699a428bc51d234dfab7c9cb2a183,0x2cb708d97596a607a30467b33461b7e2e0aee137,BUY_UPEG,uPEG,WETH,-309692328814392575,129116000000000000,-309692328814392575,129116000000000000,0.309692328814392575,0.129116,0.4169170108097281699705607192,50978309543242773878849739466,65121512349549102967,-8820
25043270,1778158223,2026-05-07T12:50:23+00:00,0xe29fb1f19a4897c56da885e7e481de36670737cc3e719fb81bec225262e3b0d6,504,0xdc893995d488e5be8ec8ca1db92cbec2a1ab0775,0x84d2e7b71c765ff0e3ac1f9ed43774387526a3a7,0xa5f91e598668040055dc861a7316e677a5b730b0,0x3d90f66b534dd8482b181e24655a9e8265316be9,SELL_UPEG,uPEG,WETH,1561685400000000000,-630444358811609392,1561685400000000000,-630444358811609392,1.5616854,0.630444358811609392,0.4036948535291483111771423361,50208532002668456645626802359,64541779865422346087,-9124
25043280,1778158343,2026-05-07T12:52:23+00:00,0x7da63316368ec38a667e5dbac07cbb81c4b09d3c6b9c7d6c88b6d7469f3a893b,628,0xdc893995d488e5be8ec8ca1db92cbec2a1ab0775,0xe9fad7b0ff613b5e5114b44168951a7f5ba3fca7,0x7f54f05635d15cde17a49502fedb9d1803a3be8a,0x7f54f05635d15cde17a49502fedb9d1803a3be8a,BUY_UPEG,uPEG,WETH,-105531865020098865,42854313732069361,-105531865020098865,42854313732069361,0.105531865020098865,0.042854313732069361,0.4060793744515708736277277766,50260611692049233050670896288,64541779865422346087,-9103
25043281,1778158355,2026-05-07T12:52:35+00:00,0xf19b1568371f4161c3a4739a72ab60a6f5f8b7542dec24401191276ffbf9fc86,8,0xdc893995d488e5be8ec8ca1db92cbec2a1ab0775,0x00000000fd3a7b3fa5bcfa843c648714b11e089b,0x00000000fd3a7b3fa5bcfa843c648714b11e089b,0x00000000fd3a7b3fa5bcfa843c648714b11e089b,SELL_UPEG,uPEG,WETH,825900835552836966,-326411352564296545,825900835552836966,-326411352564296545,0.825900835552836966,0.326411352564296545,0.3952185765084074606320662528,49854644480768812654572755547,62436953354102280988,-9265
25043282,1778158367,2026-05-07T12:52:47+00:00,0xdcfcce90ff3c8e08bbd5c3e8148b89002d08453e80d537355367837c1f0dbd49,387,0xdc893995d488e5be8ec8ca1db92cbec2a1ab0775,0xd4c832298ba00f0cf78ad1cf02b3c9a6a3d47f83,0xa5f91e598668040055dc861a7316e677a5b730b0,0x3d90f66b534dd8482b181e24655a9e8265316be9,SELL_UPEG,uPEG,WETH,901966300719986999,-350410739450277091,901966300719986999,-350410739450277091,0.901966300719986999,0.350410739450277091,0.3884964872529768252103071498,49405668619573004517618683661,60050876409258454581,-9446
25043283,1778158379,2026-05-07T12:52:59+00:00,0xf37e242be716f77b40e7662d640c1ce5bd65ac1fda0a0888c78d450c2537206f,6,0xdc893995d488e5be8ec8ca1db92cbec2a1ab0775,0x315d2ee4fccda0def532ef4108ff57204f8d9eba,0xc46fcd651bd6ac11255886feabdcebd58b870c86,0x62d63efdfdc7804666725f4cc8cb45c1a41a0809,BUY_UPEG,uPEG,WETH,-488583036074324610,192877270433622432,-488583036074324610,192877270433622432,0.48858303607432461,0.192877270433622432,0.3947686599669035690951359173,49652297958024369895577511094,62436953354102280988,-9347
25043284,1778158391,2026-05-07T12:53:11+00:00,0xa59591f6305100f5b9a79b5eca53062a6112ed34699bed93d41747d3a55099bd,412,0xdc893995d488e5be8ec8ca1db92cbec2a1ab0775,0x333c92538e7f47d17c79e5975d4e40e901427558,0x06cff7088619c7178f5e14f0b119458d08d2f5ef,0x06cff7088619c7178f5e14f0b119458d08d2f5ef,SELL_UPEG,uPEG,WETH,44093858233938666,-17137307368319421,44093858233938666,-17137307368319421,0.044093858233938666,0.017137307368319421,0.3886552017607064813003995828,49630551903800138558686195793,62436953354102280988,-9355
25043285,1778158403,2026-05-07T12:53:23+00:00,0x0d9321022735be4857fc2a80320ce6703a320ccd6c02b80abde93533ff0731fc,86,0xdc893995d488e5be8ec8ca1db92cbec2a1ab0775,0xf8e1b393bc20e669142b3c0bddc375a3e698d5cd,0xa5f91e598668040055dc861a7316e677a5b730b0,0xb300000b72deaeb607a12d5f54773d1c19c7028d,BUY_UPEG,uPEG,WETH,-729218518685450486,291172665021691047,-729218518685450486,291172665021691047,0.729218518685450486,0.291172665021691047,0.3992941176899661508218466616,49996335037744628890795041943,62436953354102280988,-9209
25043287,1778158427,2026-05-07T12:53:47+00:00,0x7704cb705ae81057cb20a1c393534000b6e50553b3344e141078b62005680e08,45,0xdc893995d488e5be8ec8ca1db92cbec2a1ab0775,0xda8e26b87c88854b4b6fcf40afa102506a16a90f,0xc10ee9031f2a0b84766a86b55a8d90f357910fb4,0xc10ee9031f2a0b84766a86b55a8d90f357910fb4,SELL_UPEG,uPEG,WETH,384329865313448315,-150934878938404430,384329865313448315,-150934878938404430,0.384329865313448315,0.15093487893840443,0.3927222226545062040544005166,49804809146822582055709849746,62436953354102280988,-9285
25043288,1778158439,2026-05-07T12:53:59+00:00,0xb1ce68e4f13b359238e35b9db1ece7b530320067a3aa369b84334fb300af15d2,178,0xdc893995d488e5be8ec8ca1db92cbec2a1ab0775,0xec8dde89f65007ab8e09689f23105905d487f68d,0xa5f91e598668040055dc861a7316e677a5b730b0,0x3d90f66b534dd8482b181e24655a9e8265316be9,SELL_UPEG,uPEG,WETH,719529405190549677,-279485247321061022,719529405190549677,-279485247321061022,0.719529405190549677,0.279485247321061022,0.3884278325595966768973934706,49447428709446466599808863093,60050876409258454581,-9429
25043290,1778158463,2026-05-07T12:54:23+00:00,0x3a3f47fd3f3e2c5bd449af5280dad54b77afde4885fc9ec149d958454adbacd8,23,0xdc893995d488e5be8ec8ca1db92cbec2a1ab0775,0x18ca4bcd3f9f28d736e7f2361641710d90a61e74,0x6747bcaf9bd5a5f0758cbe08903490e45ddfacb5,0x18ca4bcd3f9f28d736e7f2361641710d90a61e74,BUY_UPEG,uPEG,WETH,-564710046917843537,223470000000000000,-564710046917843537,223470000000000000,0.564710046917843537,0.22347,0.3957252066253947546576705391,49730894004508913434173083284,62436953354102280988,-9315
25043292,1778158487,2026-05-07T12:54:47+00:00,0xb65c7dbf01e0728a404475f04617c79faf38bb3a10481f76bd99e6cdcd12543d,133,0xdc893995d488e5be8ec8ca1db92cbec2a1ab0775,0x6302a3e201974e6a299c1363d9db9e68050d004d,0xa5f91e598668040055dc861a7316e677a5b730b0,0x3d90f66b534dd8482b181e24655a9e8265316be9,SELL_UPEG,uPEG,WETH,200000000000000000,-77856510706519136,200000000000000000,-77856510706519136,0.2,0.077856510706519136,0.38928255353259568,49632099493379161509800888476,62436953354102280988,-9355
25043296,1778158535,2026-05-07T12:55:35+00:00,0x9eab9f7c78effebc905667c20053fc59d610b388139629ce986ed549809026b0,458,0xdc893995d488e5be8ec8ca1db92cbec2a1ab0775,0x7475bcf1e667896d9df683f9c3b17b57b54141d7,0xa5f91e598668040055dc861a7316e677a5b730b0,0x3d90f66b534dd8482b181e24655a9e8265316be9,SELL_UPEG,uPEG,WETH,3350483737090718000,-1258376604854208802,3350483737090718000,-1258376604854208802,3.350483737090718,1.258376604854208802,0.3755805739104642260485595386,47978472556737351476304419427,61798705540000075328,-10033
25043297,1778158547,2026-05-07T12:55:47+00:00,0x8aaaba282f0366aefc939e7415a9079ea1e1ccd020c15f79c3bdcdd5b052423c,6,0xdc893995d488e5be8ec8ca1db92cbec2a1ab0775,0x4dfae204a53e4d10e842a7eb2e7ad4931c3abe5b,0x5ffd71ada755cb2e0635adda04fde47a56fc4dc1,0x5ffd71ada755cb2e0635adda04fde47a56fc4dc1,BUY_UPEG,uPEG,WETH,-661149411185578307,246529044064983518,-661149411185578307,246529044064983518,0.661149411185578307,0.246529044064983518,0.3728794730723660535366917529,48298298969624179718678573885,60035292277999479224,-9900
25043297,1778158547,2026-05-07T12:55:47+00:00,0xa4c4afd74ecefbfae99c8897f8994bba4ad901893ff00d80078958c6b631d8db,201,0xdc893995d488e5be8ec8ca1db92cbec2a1ab0775,0x02be18a4744020981efcb573d9a6d20da8488166,0x66a9893cc07d91d95644aedd05d03f95e1dba8af,0x02be18a4744020981efcb573d9a6d20da8488166,BUY_UPEG,uPEG,WETH,-350000000000000000,131851043643354507,-350000000000000000,131851043643354507,0.35,0.131851043643354507,0.3767172675524414485714285714,48470561856367989465165853866,60035292277999479224,-9828
25043298,1778158559,2026-05-07T12:55:59+00:00,0x263e9adab4daef21cf9b167cb5093d78ccd69d217d241a3029a69300eee1b0fa,320,0xdc893995d488e5be8ec8ca1db92cbec2a1ab0775,0x0a90f3dafa8c764dcc9fe462b3d8968bbcff703f,0x28b1dc1a5e3699a428bc51d234dfab7c9cb2a183,0x0a90f3dafa8c764dcc9fe462b3d8968bbcff703f,BUY_UPEG,uPEG,WETH,-65521059550773357,24787500000000000,-65521059550773357,24787500000000000,0.065521059550773357,0.0247875,0.3783134792072731159406395907,48502946630785946049310398758,60035292277999479224,-9815
25043300,1778158583,2026-05-07T12:56:23+00:00,0xf3dbfa67935e614183bcfa3da201d49e0c5b71632beda76570853f3976154e25,280,0xdc893995d488e5be8ec8ca1db92cbec2a1ab0775,0x4327db0836be2717e00ba1deb416385087b25c41,0xa5f91e598668040055dc861a7316e677a5b730b0,0x4327db0836be2717e00ba1deb416385087b25c41,BUY_UPEG,uPEG,WETH,-418697018848601722,159184080000000000,-418697018848601722,159184080000000000,0.418697018848601722,0.15918408,0.3801891889217391072874296667,48710875267550228145156144612,60050876409258454581,-9730
25043300,1778158583,2026-05-07T12:56:23+00:00,0x3424b5fd25f525f6b4d0e074803ec725c756414ba364f99b8c1ec73ae2cc1c03,601,0xdc893995d488e5be8ec8ca1db92cbec2a1ab0775,0xa097f1fd7d691b13941a396de579d1a88043c60d,0x28b1dc1a5e3699a428bc51d234dfab7c9cb2a183,0xa097f1fd7d691b13941a396de579d1a88043c60d,BUY_UPEG,uPEG,WETH,-51996958360375150,19864000000000000,-51996958360375150,19864000000000000,0.05199695836037515,0.019864,0.3820223456596949359909783278,48736820772947403298633800417,60050876409258454581,-9719
25043301,1778158595,2026-05-07T12:56:35+00:00,0x8382cc5a1afebe0e682dbf8734ebf099653876d75fc5bc505acdc3b9cb9f44f5,186,0xdc893995d488e5be8ec8ca1db92cbec2a1ab0775,0x7475bcf1e667896d9df683f9c3b17b57b54141d7,0xa5f91e598668040055dc861a7316e677a5b730b0,0x3d90f66b534dd8482b181e24655a9e8265316be9,SELL_UPEG,uPEG,WETH,4892648068854000000,-1747402592469733030,4892648068854000000,-1747402592469733030,4.892648068854,1.74740259246973303,0.3571486376863041712273624823,46476901817996048831231539759,61769634716387274289,-10669
25043301,1778158595,2026-05-07T12:56:35+00:00,0x7d5ca0125898c58c906eea3dbf6842d03c697e2c7b7cb21b902c6b9ea2d9786b,232,0xdc893995d488e5be8ec8ca1db92cbec2a1ab0775,0x25e36270051f0c78f0744a3da53dc9b2b4b89039,0xd06c50cde7279a98ef970fbdba73e84930ad8468,0xd06c50cde7279a98ef970fbdba73e84930ad8468,BUY_UPEG,uPEG,WETH,-123106342923201019,42841873241709932,-123106342923201019,42841873241709932,0.123106342923201019,0.042841873241709932,0.3480070337922109957898300189,46531302982614918161879527516,61769634716387274289,-10645
25043301,1778158595,2026-05-07T12:56:35+00:00,0x7571d54aa650383ac6fab807a5663a1cd36002d392b3830f8df84c82e583045e,439,0xdc893995d488e5be8ec8ca1db92cbec2a1ab0775,0x3391626561e43d498e95cc44509d30e211abc4ea,0xe7113880882f6cb6ce5357b5eca59a6cbb8e0207,0x000000000004444c5dc75cb358380d2e3de08a90,BUY_UPEG,uPEG,WETH,-500374252051391175,175170971481646718,-500374252051391175,175170971481646718,0.500374252051391175,0.175170971481646718,0.3500799067168142381753338580,46753737347290237863312434358,61769634716387274289,-10550
25043301,1778158595,2026-05-07T12:56:35+00:00,0x4b988af217ae558ae28f9f5672b6cd0866cb01b4a72eab03a94137824addf293,455,0xdc893995d488e5be8ec8ca1db92cbec2a1ab0775,0xa1dae7bee42a5b713adb8d5081c1f25ff06d2d96,0xa5f91e598668040055dc861a7316e677a5b730b0,0x932cd8852df6f82de722a3bb59f4215af4497ae5,SELL_UPEG,uPEG,WETH,255195081256529389,-87767561509314259,255195081256529389,-87767561509314259,0.255195081256529389,0.087767561509314259,0.3439234058790020244436474962,46641163221529771637545395599,61769634716387274289,-10598
25043301,1778158595,2026-05-07T12:56:35+00:00,0x4b988af217ae558ae28f9f5672b6cd0866cb01b4a72eab03a94137824addf293,483,0xdc893995d488e5be8ec8ca1db92cbec2a1ab0775,0xa1dae7bee42a5b713adb8d5081c1f25ff06d2d96,0xa5f91e598668040055dc861a7316e677a5b730b0,0x3d90f66b534dd8482b181e24655a9e8265316be9,SELL_UPEG,uPEG,WETH,249987864885007954,-85567835323646690,249987864885007954,-85567835323646690,0.249987864885007954,0.08556783532364669,0.3422879561094178807206508283,46531410551077000747416973799,61769634716387274289,-10645
25043302,1778158607,2026-05-07T12:56:47+00:00,0xc165bd54aaa2a6a6b6482aabeeebfed05822d29594e3577a17f459387dddbe80,11,0xdc893995d488e5be8ec8ca1db92cbec2a1ab0775,0x912ccbce20f38d9121170a5339dfa482530ca317,0x88cc0800464fcef3e643a369e8a0532990995eee,0x5f1c5951c5b1cc112ba9e89b9467edca33063453,BUY_UPEG,uPEG,WETH,-177171604859474532,61833581690959548,-177171604859474532,61833581690959548,0.177171604859474532,0.061833581690959548,0.3490039035318525498351749564,46609927632661315153454710915,61769634716387274289,-10611
25043302,1778158607,2026-05-07T12:56:47+00:00,0x1b752ee9e25c7cc4e039ebc10a76c2743232e4732c76876505a282b2a06626a9,80,0xdc893995d488e5be8ec8ca1db92cbec2a1ab0775,0x3391626561e43d498e95cc44509d30e211abc4ea,0xe7113880882f6cb6ce5357b5eca59a6cbb8e0207,0x000000000004444c5dc75cb358380d2e3de08a90,BUY_UPEG,uPEG,WETH,-1095854985331959800,387143656137827577,-1095854985331959800,387143656137827577,1.0958549853319598,0.387143656137827577,0.3532800063144785683115243185,47101527653273866165997104858,61769634716387274289,-10402
25043302,1778158607,2026-05-07T12:56:47+00:00,0xff600d226b9f441a795652ad230668da47fc90e4fd61b431cf89cbd790e4380b,166,0xdc893995d488e5be8ec8ca1db92cbec2a1ab0775,0xfa60ddc1020715b096cd1dd529c614c69a32934e,0x4313c378cc91ea583c91387b9216e2c03096b27f,0xfa60ddc1020715b096cd1dd529c614c69a32934e,BUY_UPEG,uPEG,WETH,-825313497125279982,297000000000000000,-825313497125279982,297000000000000000,0.825313497125279982,0.297,0.3598632532177240500338286470,47478485846072522827851446763,61798705540000075328,-10242
25043302,1778158607,2026-05-07T12:56:47+00:00,0x36c20cf9b831fae412d60002527ef2e23ee1db0f2f2714607be3eec0c35f77d0,211,0xdc893995d488e5be8ec8ca1db92cbec2a1ab0775,0x3004892cf2946356e8e4570a94748afdff86681c,0x80a64c6d7f12c47b7c66c5b4e20e72bc1fcd5d9e,0x3004892cf2946356e8e4570a94748afdff86681c,BUY_UPEG,uPEG,WETH,-2684391659198984287,1000000000000000000,-2684391659198984287,1000000000000000000,2.684391659198984287,1,0.3725238813692326411282708650,48767973534248196734230601995,60050876409258454581,-9706
25043302,1778158607,2026-05-07T12:56:47+00:00,0x3494d9159ea42ac2f507527517f764212a26bdd2eef6fde2d011cd724f63166e,233,0xdc893995d488e5be8ec8ca1db92cbec2a1ab0775,0x0d28fc3f5ad25c4e5d47919bfffb09074c883433,0x92eae2d4f34f17eb32bf390af5019a37d375418e,0x92eae2d4f34f17eb32bf390af5019a37d375418e,SELL_UPEG,uPEG,WETH,1334677601923660443,-493944974515266001,1334677601923660443,-493944974515266001,1.334677601923660443,0.493944974515266001,0.3700856100404674150833348850,48116177326632466160569089959,60035292277999479224,-9975
25043302,1778158607,2026-05-07T12:56:47+00:00,0x26fe17820721c44b76342b62a099427e6d3bb90b7e30ec878f3240bba4d28b37,329,0xdc893995d488e5be8ec8ca1db92cbec2a1ab0775,0x0b98fb64b4413a805089bf4dfe3d289a8ccc9131,0x4313c378cc91ea583c91387b9216e2c03096b27f,0x0b98fb64b4413a805089bf4dfe3d289a8ccc9131,BUY_UPEG,uPEG,WETH,-397000391791859178,148500000000000000,-397000391791859178,148500000000000000,0.397000391791859178,0.1485,0.3740550464692138763564504841,48310192011496472322766363447,60035292277999479224,-9895
25043302,1778158607,2026-05-07T12:56:47+00:00,0x9fd3f9fd0a544c9b71dafa506fe945ae11dc7dc2df39f9e1d0399f7af8efcefe,374,0xdc893995d488e5be8ec8ca1db92cbec2a1ab0775,0x0a6ce7b3737d5a6d3720d034da484d5691cce45b,0x92eae2d4f34f17eb32bf390af5019a37d375418e,0x92eae2d4f34f17eb32bf390af5019a37d375418e,SELL_UPEG,uPEG,WETH,504443606125437845,-184743384295284352,504443606125437845,-184743384295284352,0.504443606125437845,0.184743384295284352,0.3662319871873745204278555747,48066387437236977858164697350,60035292277999479224,-9996
25043303,1778158619,2026-05-07T12:56:59+00:00,0x1c63637301ba69be327298639d243a6e3be2856b31262956ee2fdd66c7ce6604,37,0xdc893995d488e5be8ec8ca1db92cbec2a1ab0775,0xe999c0a515cd1679d20c0c216ceb46e981c7073a,0x5ffd71ada755cb2e0635adda04fde47a56fc4dc1,0x5ffd71ada755cb2e0635adda04fde47a56fc4dc1,SELL_UPEG,uPEG,WETH,523476325140452264,-189778338381126942,523476325140452264,-189778338381126942,0.523476325140452264,0.189778338381126942,0.3625347112502329900522597770,47822774426098783923871898572,61798705540000075328,-10098
25043304,1778158631,2026-05-07T12:57:11+00:00,0xce77caf2041906853cea72f1b4602a6e25380d66f2c84266e4b8dc2811ef75ae,192,0xdc893995d488e5be8ec8ca1db92cbec2a1ab0775,0x7475bcf1e667896d9df683f9c3b17b57b54141d7,0xc10ee9031f2a0b84766a86b55a8d90f357910fb4,0xc10ee9031f2a0b84766a86b55a8d90f357910fb4,SELL_UPEG,uPEG,WETH,6066646879555146869,-2067312691692072872,6066646879555146869,-2067312691692072872,6.066646879555146869,2.067312691692072872,0.3407669397503591163508161219,45210467571162195844373132330,66514470220912716929,-11221
25043304,1778158631,2026-05-07T12:57:11+00:00,0x962fa96c7309f6dd19fd37ee570d6e27977b9c81e942e13911d86fd92de0adef,296,0xdc893995d488e5be8ec8ca1db92cbec2a1ab0775,0x3391626561e43d498e95cc44509d30e211abc4ea,0xe7113880882f6cb6ce5357b5eca59a6cbb8e0207,0x000000000004444c5dc75cb358380d2e3de08a90,BUY_UPEG,uPEG,WETH,-1704422096291759723,568963556435079492,-1704422096291759723,568963556435079492,1.704422096291759723,0.568963556435079492,0.3338161114391498687738066633,45893973435040768766046257312,61769634716387274289,-10921
25043304,1778158631,2026-05-07T12:57:11+00:00,0xd1f403673f455d2f33f3be9e2c545e564d67c4776876e3ddbac9fe7ab2c4dc20,737,0xdc893995d488e5be8ec8ca1db92cbec2a1ab0775,0xec873d5168924918bd75070852818df2f2c86a6a,0x43c3fc059db0fa7f7cc50cb47d48c228f869e3d5,0x43c3fc059db0fa7f7cc50cb47d48c228f869e3d5,BUY_UPEG,uPEG,WETH,-379396438265343298,129050039220670254,-379396438265343298,129050039220670254,0.379396438265343298,0.129050039220670254,0.3401456265923479535664746869,46057842843553939106872608582,61769634716387274289,-10850
25043305,1778158643,2026-05-07T12:57:23+00:00,0x2e37af0e92f9032d0d1b6ad0d261560d09ede9b585edd43cac8327d778c0d7d7,90,0xdc893995d488e5be8ec8ca1db92cbec2a1ab0775,0xc32cc5c6215b6d420d251ad82d1ae1deb948a399,0xa5f91e598668040055dc861a7316e677a5b730b0,0xb300000b72deaeb607a12d5f54773d1c19c7028d,BUY_UPEG,uPEG,WETH,-124356002426051742,42499923851117645,-124356002426051742,42499923851117645,0.124356002426051742,0.042499923851117645,0.3417601323779301400686093259,46111809796414980301682795223,61769634716387274289,-10826
25043305,1778158643,2026-05-07T12:57:23+00:00,0xb5ea01d135550c96194ae82fcb1c2d9f31e513364307a17823d122761d5736b9,219,0xdc893995d488e5be8ec8ca1db92cbec2a1ab0775,0x6302a3e201974e6a299c1363d9db9e68050d004d,0xa5f91e598668040055dc861a7316e677a5b730b0,0x3d90f66b534dd8482b181e24655a9e8265316be9,SELL_UPEG,uPEG,WETH,659964000000000000,-219965818657539124,659964000000000000,-219965818657539124,0.659964,0.219965818657539124,0.3332997234054268475250165161,45829672987476408822322383012,61769634716387274289,-10949
25043305,1778158643,2026-05-07T12:57:23+00:00,0x8ebaac106424d902c379d5a1f295f2ab592b1aa4ab069b7101a763855cfa9ee4,292,0xdc893995d488e5be8ec8ca1db92cbec2a1ab0775,0x79c5a7149d7e4b201c2f17325ecfd5b4dc2266d5,0x3405c1393a451202a1266205a86718680b508c9b,0x3405c1393a451202a1266205a86718680b508c9b,BUY_UPEG,uPEG,WETH,-630781840995606559,214462491579234603,-630781840995606559,214462491579234603,0.630781840995606559,0.214462491579234603,0.3399947139263451778979592976,46102000232439546160341711884,61769634716387274289,-10831
25043305,1778158643,2026-05-07T12:57:23+00:00,0xe63bdfaa342f621be8f8b562d82717baa93842895bc35a4cfea3ecdf1a149ea1,321,0xdc893995d488e5be8ec8ca1db92cbec2a1ab0775,0x8928bcd4cc370e387187a70cda3d212be7dff7e7,0x28b1dc1a5e3699a428bc51d234dfab7c9cb2a183,0x8928bcd4cc370e387187a70cda3d212be7dff7e7,BUY_UPEG,uPEG,WETH,-289604356554695130,99320000000000000,-289604356554695130,99320000000000000,0.28960435655469513,0.09932,0.3429506419777986663451343655,46228118052719303122479577550,61769634716387274289,-10776
25043306,1778158655,2026-05-07T12:57:35+00:00,0x0e8f899777bdb36929698b343dddafacd5996075be5db51282b1555b9e789a3d,16,0xdc893995d488e5be8ec8ca1db92cbec2a1ab0775,0xd835aeac9f4c792d3a6b59b6eca1d273a3d81beb,0x378618963e59ab0a02c6c7288ca035d118c5f0e0,0x378618963e59ab0a02c6c7288ca035d118c5f0e0,SELL_UPEG,uPEG,WETH,9541165978050609,-3215519569277096,9541165978050609,-3215519569277096,0.009541165978050609,0.003215519569277096,0.3370153686325526774321958181,46223993700872765552579439652,61769634716387274289,-10778
25043306,1778158655,2026-05-07T12:57:35+00:00,0xe48280ed2dcda68002c25ed3dd9ccd110e1654f90fb7574a3a884ef2981bed66,500,0xdc893995d488e5be8ec8ca1db92cbec2a1ab0775,0x5aa223cc1b2cb0979f2d8fddb5725de0447e5d17,0x4313c378cc91ea583c91387b9216e2c03096b27f,0x4313c378cc91ea583c91387b9216e2c03096b27f,SELL_UPEG,uPEG,WETH,192821529354891937,-64861074481108890,192821529354891937,-64861074481108890,0.192821529354891937,0.06486107448110889,0.3363787990796959525659237254,46140800336148596540511390859,61769634716387274289,-10814
25043309,1778158691,2026-05-07T12:58:11+00:00,0x9a171d7ba64e4e7247480bfea705a81082474768788511b77298205410acd5f2,529,0xdc893995d488e5be8ec8ca1db92cbec2a1ab0775,0xf2402b4b600e41c2d3d0ecc9371f3a013d5b22e3,0x00000000ae2193c4ac6521146b1adafe9b43361d,0x00000000ae2193c4ac6521146b1adafe9b43361d,SELL_UPEG,uPEG,WETH,500000000000000000,-167106810643454668,500000000000000000,-167106810643454668,0.5,0.167106810643454668,0.334213621286909336,45926462569514732795129947467,61769634716387274289,-10907
25043309,1778158691,2026-05-07T12:58:11+00:00,0x7f098c0c087b320f36133d17e110b4f048bb27eb8a8ec622810b0e6c0d1622e0,750,0xdc893995d488e5be8ec8ca1db92cbec2a1ab0775,0xca076193bd67ba2af014ce9f67138ef386184d6f,0x6747bcaf9bd5a5f0758cbe08903490e45ddfacb5,0xca076193bd67ba2af014ce9f67138ef386184d6f,BUY_UPEG,uPEG,WETH,-372658177425831340,126929847000000000,-372658177425831340,126929847000000000,0.37265817742583134,0.126929847,0.3406066328043004974503934242,46087639730530470294136633753,61769634716387274289,-10837
25043309,1778158691,2026-05-07T12:58:11+00:00,0x7f61c74bb21152e082273f9b4a673d027ab3c4a7d0a0abe330481efc06852331,990,0xdc893995d488e5be8ec8ca1db92cbec2a1ab0775,0x7d1eb7c855bf2692b0d4cc1e49193a3845bc9199,0x7f54f05635d15cde17a49502fedb9d1803a3be8a,0x7f54f05635d15cde17a49502fedb9d1803a3be8a,BUY_UPEG,uPEG,WETH,-425100653561632549,145884267726118353,-425100653561632549,145884267726118353,0.425100653561632549,0.145884267726118353,0.3431758255459081577639267584,46272885460078663439980796998,61769634716387274289,-10757
25043310,1778158703,2026-05-07T12:58:23+00:00,0xedc7fd16bf2527dcc154d15712afb24492d95eb645840cffe02f3eebb12a8a75,14,0xdc893995d488e5be8ec8ca1db92cbec2a1ab0775,0x65fb9db5fc926eb22ac5ae86e74242e0df44718c,0x06cff7088619c7178f5e14f0b119458d08d2f5ef,0x06cff7088619c7178f5e14f0b119458d08d2f5ef,BUY_UPEG,uPEG,WETH,-720629308655487414,250000000000000000,-720629308655487414,250000000000000000,0.720629308655487414,0.25,0.3469190012080371300006589041,46590338692760290912136117342,61769634716387274289,-10620
25043311,1778158715,2026-05-07T12:58:35+00:00,0x8a004a7e2edd5bd51ec2d9af490af7ccf44f7dd8ea82c369872dcecfacb9437c,35,0xdc893995d488e5be8ec8ca1db92cbec2a1ab0775,0xc78304acdf1f0d62b51441a38e5c1bab78f03f7a,0x6747bcaf9bd5a5f0758cbe08903490e45ddfacb5,0x3a8bfba8792f55eafce981e87db4e457045ba648,BUY_UPEG,uPEG,WETH,-353851960036881897,124017924240889648,-353851960036881897,124017924240889648,0.353851960036881897,0.124017924240889648,0.3504796871210301965799763770,46747818256603233269529984783,61769634716387274289,-10552
25043311,1778158715,2026-05-07T12:58:35+00:00,0xd8100fd826432d9108024b5ac4fbac0d0f5371fc3ca78761cc2f01e7d10f66e8,462,0xdc893995d488e5be8ec8ca1db92cbec2a1ab0775,0xa5be899c8ee634602b0c087de5b2ecd21da4101e,0x6747bcaf9bd5a5f0758cbe08903490e45ddfacb5,0xa5be899c8ee634602b0c087de5b2ecd21da4101e,BUY_UPEG,uPEG,WETH,-1194956784251932659,425075473802564853,-1194956784251932659,425075473802564853,1.194956784251932659,0.425075473802564853,0.3557245579125029004007090979,47287498227206244129308426411,61798705540000075328,-10323
