bucket_start,price_open,price_high,price_low,price_close,price_vwap,price_unit,price_source,price_trade_count,price_staleness_seconds,tvl_token_close,tvl_usd_close,tvl_snapshot_block,volume_token,volume_usd,swap_count,active_trader_count,liquidity_added_token,liquidity_removed_token,net_lp_flow_token,lp_add_event_count,lp_remove_event_count,active_lp_count,lp_identity_coverage,withdrawal_amount_coverage,price_return,tvl_change,net_lp_flow_ratio,withdrawal_ratio,volume_turnover,close_vwap_gap,measured_pool_count,verified_pool_count,data_coverage,is_imputed
2026-05-06T05:00:00+00:00,0.517806614152188,0.533424543888014,0.48477055363291094,0.5098969847283892,0.5038189738445069,WETH,pool_swap_ratio,49,37,42.419861130370016,,25034047,11.165247272773817,,49,15,0.0,0.0,0.0,0,0,0,,,,,,,,0.012063878494893876,1,1,price=observed;tvl=observed;lp_amount=none,False
2026-05-06T06:00:00+00:00,0.5118836144726248,0.5303210522268528,0.5089920313447848,0.5184140993127727,0.520356857388503,WETH,pool_swap_ratio,24,61,43.5130499562561,,25034343,2.8762648750286015,,24,10,0.0,0.0,0.0,0,0,0,,,0.016565627829768954,0.02544421665008531,0.0,0.0,0.06780467447050109,-0.003733511047553706,1,1,price=observed;tvl=observed;lp_amount=none,False
2026-05-06T07:00:00+00:00,0.5280845648050095,0.5280845648050095,0.49322322414402076,0.5084348345983731,0.5072806195240694,WETH,pool_swap_ratio,37,241,44.07431524371184,,25034628,6.533247849526325,,37,12,0.0,0.0,0.0,0,0,0,,,-0.01943728735578787,0.012816299904095019,0.0,0.0,0.15014456251846822,0.002275298976307294,1,1,price=observed;tvl=observed;lp_amount=none,False
2026-05-06T08:00:00+00:00,0.5182330964446314,0.5187754050778001,0.43894471579152017,0.4538558637357237,0.46364148460305277,WETH,pool_swap_ratio,105,13,48.220526420842724,,25034947,39.83025066980111,,105,30,0.0,0.0,0.0,0,0,0,,,-0.11355738818548419,0.08990759775535336,0.0,0.0,0.9037066248121408,-0.02110600796584683,1,1,price=observed;tvl=observed;lp_amount=none,False
2026-05-06T09:00:00+00:00,0.4576150390743127,0.5158566395993871,0.4485942554663387,0.4765423722603789,0.4834429310867735,WETH,pool_swap_ratio,54,157,38.87737012611593,,25035235,9.988003265730447,,54,14,0.0,0.0,0.0,0,0,0,,,0.0487769762116427,-0.2153724532424819,0.0,0.0,0.2071317757620592,-0.014273781624818183,1,1,price=observed;tvl=observed;lp_amount=none,False
2026-05-06T10:00:00+00:00,0.48524245029608293,0.5225053795162448,0.47558614544223327,0.5112562901911039,0.5067277327963529,WETH,pool_swap_ratio,28,217,36.43858334500905,,25035529,3.8679323853095955,,28,9,0.0,0.0,0.0,0,0,0,,,0.07031436774661722,-0.06478414125111598,0.0,0.0,0.0994905872686925,0.008936865108527536,1,1,price=observed;tvl=observed;lp_amount=none,False
2026-05-06T11:00:00+00:00,0.5079577417669078,0.5079577417669078,0.4891702388985907,0.5017742093051295,0.4988586346117914,WETH,pool_swap_ratio,20,157,45.438554081781014,,25035834,3.6297149050790023,,20,9,0.0,0.0,0.0,0,0,0,,,-0.01872077458495598,0.22073275825909483,0.0,0.0,0.09961185567265364,0.0058444907856651795,1,1,price=observed;tvl=observed;lp_amount=none,False
2026-05-06T12:00:00+00:00,0.5037863210895331,0.5121558856948595,0.4886710788228441,0.49505241133709316,0.4986282818090204,WETH,pool_swap_ratio,16,145,37.56490846816754,,25036134,2.394115926061851,,16,9,0.0,0.0,0.0,0,0,0,,,-0.013486597795930692,-0.19029062433050267,0.0,0.0,0.05268908693161503,-0.007171415265403769,1,1,price=observed;tvl=observed;lp_amount=none,False
2026-05-06T13:00:00+00:00,0.48216079696087505,0.49244943843328115,0.4502456818091874,0.48463494808656066,0.47050764355661484,WETH,pool_swap_ratio,39,229,36.4926940581871,,25036425,8.30171528903692,,39,16,0.0,0.0,0.0,0,0,0,,,-0.021267715281933577,-0.028958251428967113,0.0,0.0,0.2209965531014613,0.03002566424459352,1,1,price=observed;tvl=observed;lp_amount=none,False
2026-05-06T14:00:00+00:00,0.49381553617755125,0.5011287056477542,0.4553179102933952,0.4735919474046998,0.4747913062051599,WETH,pool_swap_ratio,29,85,35.743957504711375,,25036735,4.802101368612029,,29,13,0.0,0.0,0.0,0,0,0,,,-0.023049842691697926,-0.0207308437566573,0.0,0.0,0.13159076063157038,-0.0025260757406158074,1,1,price=observed;tvl=observed;lp_amount=none,False
2026-05-06T15:00:00+00:00,0.47408642403617274,0.4824465989111235,0.4595277497700676,0.4595277497700676,0.47164220194265455,WETH,pool_swap_ratio,18,1,32.50760255728242,,25037042,2.454520643872971,,18,5,0.0,0.0,0.0,0,0,0,,,-0.030146749277077313,-0.09490724718814754,0.0,0.0,0.06866952668991516,-0.025685683178240937,1,1,price=observed;tvl=observed;lp_amount=none,False
2026-05-06T16:00:00+00:00,0.45673750413147185,0.4856556457670836,0.4542196445591277,0.4856556457670836,0.4670172488889936,WETH,pool_swap_ratio,19,217,31.238764866120263,,25037323,3.474370426451289,,19,8,0.0,0.0,0.0,0,0,0,,,0.055300493755497955,-0.03981419956509274,0.0,0.0,0.10687870384563175,0.03990944000982766,1,1,price=observed;tvl=observed;lp_amount=none,False
2026-05-06T17:00:00+00:00,0.49077029679487816,0.4981320544647652,0.487399654228097,0.487399654228097,0.49229805383724673,WETH,pool_swap_ratio,4,457,31.076828724370593,,25037601,0.7556428429740298,,4,2,0.0,0.0,0.0,0,0,0,,,0.0035846068121260883,-0.005197302855890393,0.0,0.0,0.024189267604288536,-0.009950069009960205,1,1,price=observed;tvl=observed;lp_amount=none,False
2026-05-06T18:00:00+00:00,0.48320154764082274,0.5275177887971146,0.48320154764082274,0.5007209987329477,0.5140615732383819,WETH,pool_swap_ratio,27,301,29.393758725078712,,25037914,6.378553708425646,,27,10,0.0,0.0,0.0,0,0,0,,,0.026964625438503864,-0.05568012085235421,0.0,0.0,0.20525111377994484,-0.025951316340168895,1,1,price=observed;tvl=observed;lp_amount=none,False
2026-05-06T19:00:00+00:00,0.49789890753475335,0.49821918965202,0.4780447264865434,0.4780447264865434,0.48839661562852965,WETH,pool_swap_ratio,11,61,31.55987848556748,,25038234,1.5980510773187315,,11,8,0.0,0.0,0.0,0,0,0,,,-0.04634475903855594,0.07110428215740683,0.0,0.0,0.05436702030064895,-0.021195661089223883,1,1,price=observed;tvl=observed;lp_amount=none,False
2026-05-06T20:00:00+00:00,0.4727722053705069,0.5183223078852925,0.4727722053705069,0.5138068674170583,0.5019280110220864,WETH,pool_swap_ratio,10,217,28.957126207207764,,25038519,2.281645695667213,,10,5,0.0,0.0,0.0,0,0,0,,,0.07214315235120744,-0.08607031628602042,0.0,0.0,0.07229576934875155,0.023666454419992933,1,1,price=observed;tvl=observed;lp_amount=none,False
2026-05-06T21:00:00+00:00,0.5109935751406525,0.5114805667746187,0.49964694125005604,0.49964694125005604,0.5045625576060112,WETH,pool_swap_ratio,8,157,29.4712219688304,,25038823,0.5184298617703262,,8,4,0.0,0.0,0.0,0,0,0,,,-0.027945719016866325,0.017597931312760644,0.0,0.0,0.017903360231972296,-0.009742332802652243,1,1,price=observed;tvl=observed;lp_amount=none,False
2026-05-06T22:00:00+00:00,0.5096224055129458,0.5096224055129458,0.484718308949464,0.484718308949464,0.4944526910387841,WETH,pool_swap_ratio,7,1,30.079835085688032,,25039134,0.8280132371175476,,7,5,0.0,0.0,0.0,0,0,0,,,-0.030333815589514937,0.02044075581312944,0.0,0.0,0.028095653379872673,-0.019687185985112876,1,1,price=observed;tvl=observed;lp_amount=none,False
2026-05-06T23:00:00+00:00,0.48013537559574243,0.49770422938074077,0.48013537559574243,0.49770422938074077,0.4880256329673196,WETH,pool_swap_ratio,4,2077,29.858768852251536,,25039260,0.8287057758096784,,4,3,0.0,0.0,0.0,0,0,0,,,0.026438067765593067,-0.007376455949970294,0.0,0.0,0.027550210080904868,0.019832147657025345,1,1,price=observed;tvl=observed;lp_amount=none,False
2026-05-07T00:00:00+00:00,0.4873235901897164,0.5087698548756806,0.4873235901897164,0.5087698548756806,0.5012564883752144,WETH,pool_swap_ratio,9,1,29.264198108727612,,25039732,1.1114758469022283,,9,5,0.0,0.0,0.0,0,0,0,,,0.021989779097943373,-0.020113699259624522,0.0,0.0,0.0372244365600632,0.014989065826998438,1,1,price=observed;tvl=observed;lp_amount=none,False
2026-05-07T01:00:00+00:00,0.5004788948329106,0.5281731499371917,0.4947067528726359,0.4947067528726359,0.5101903827776427,WETH,pool_swap_ratio,28,109,28.402928597088284,,25040022,3.7302529393973978,,28,9,0.0,0.0,0.0,0,0,0,,,-0.028030594197512682,-0.029872601866863156,0.0,0.0,0.12746814129463213,-0.03034872946978917,1,1,price=observed;tvl=observed;lp_amount=none,False
2026-05-07T02:00:00+00:00,0.5062227780222973,0.5617775241647903,0.49757502501187567,0.5477893372340402,0.5274596926070243,WETH,pool_swap_ratio,38,25,26.6573534903018,,25040327,5.2382051139557655,,38,14,0.0,0.0,0.0,0,0,0,,,0.1019256233530827,-0.06342721857432186,0.0,0.0,0.18442482422368087,0.03854255578570287,1,1,price=observed;tvl=observed;lp_amount=none,False
2026-05-07T03:00:00+00:00,0.5315623223225092,0.6261248269010642,0.5315623223225092,0.6261248269010642,0.5920704994523363,WETH,pool_swap_ratio,97,13,26.874743345508623,,25040624,19.458566212971082,,97,26,0.0,0.0,0.0,0,0,0,,,0.13365896328356042,0.00812189557550211,0.0,0.0,0.7299511641337649,0.05751735220759713,1,1,price=observed;tvl=observed;lp_amount=none,False
2026-05-07T04:00:00+00:00,0.6342433253585812,0.6515875286744731,0.5565037551740109,0.5879239451549508,0.6153434538726272,WETH,pool_swap_ratio,69,325,25.734619773424445,,25040898,16.84310892649941,,69,17,0.0,0.0,0.0,0,0,0,,,-0.06295216065880362,-0.043349778159310015,0.0,0.0,0.6267263173441348,-0.04455968215004702,1,1,price=observed;tvl=observed;lp_amount=none,False
2026-05-07T05:00:00+00:00,0.5749316952727873,0.5868357371022316,0.5329037677662328,0.5422775219011893,0.5521578431488585,WETH,pool_swap_ratio,27,25,32.7733855943417,,25041222,7.196158166620758,,27,12,0.0,0.0,0.0,0,0,0,,,-0.08081969113478041,0.24177961289990985,0.0,0.0,0.27962947305916935,-0.017894015941752328,1,1,price=observed;tvl=observed;lp_amount=none,False
2026-05-07T06:00:00+00:00,0.5436761272639706,0.5501575220509747,0.4897054388629733,0.5258462470158956,0.5110994818251717,WETH,pool_swap_ratio,56,13,28.880215597316383,,25041522,12.15733246319746,,56,14,0.0,0.0,0.0,0,0,0,,,-0.03076903946895259,-0.12645999193046437,0.0,0.0,0.37095137541409257,0.028853023168918357,1,1,price=observed;tvl=observed;lp_amount=none,False
2026-05-07T07:00:00+00:00,0.5153697663377887,0.5216504263842854,0.4899150383981253,0.4906481053521813,0.5001656774355743,WETH,pool_swap_ratio,31,61,31.079849362803802,,25041817,6.339331665608953,,31,8,0.0,0.0,0.0,0,0,0,,,-0.0692816828152868,0.07340289945326803,0.0,0.0,0.2195043054387038,-0.01902883886833462,1,1,price=observed;tvl=observed;lp_amount=none,False
2026-05-07T08:00:00+00:00,0.48746055209354083,0.5393908585215306,0.4767314913085002,0.5282036031350477,0.5088128929379553,WETH,pool_swap_ratio,51,49,28.957561712839595,,25042118,13.652274361807617,,51,16,0.0,0.0,0.0,0,0,0,,,0.07375464023600754,-0.07072830975678174,0.0,0.0,0.4392644958616365,0.03810970686125459,1,1,price=observed;tvl=observed;lp_amount=none,False
2026-05-07T09:00:00+00:00,0.5294139222449773,0.5294705608517527,0.48036088065047966,0.49951649825566874,0.4958031089763081,WETH,pool_swap_ratio,23,49,30.274980955715737,,25042417,6.593959110730254,,23,13,0.0,0.0,0.0,0,0,0,,,-0.055841194291235435,0.04449029142142731,0.0,0.0,0.22771113038175916,0.007489645006518275,1,1,price=observed;tvl=observed;lp_amount=none,False
2026-05-07T10:00:00+00:00,0.48970420206023374,0.5047551059700749,0.4661801783327597,0.4773437506301865,0.4837427972088636,WETH,pool_swap_ratio,34,109,32.92333683167768,,25042711,6.866433600002232,,34,8,0.0,0.0,0.0,0,0,0,,,-0.045403744523759414,0.08386007211350323,0.0,0.0,0.22680224341168048,-0.0132282002245796,1,1,price=observed;tvl=observed;lp_amount=none,False
2026-05-07T11:00:00+00:00,0.46867856419049275,0.48094404174910105,0.4304678121954246,0.4343351144750417,0.453823694968171,WETH,pool_swap_ratio,43,1,34.30698258377227,,25043019,8.839882593251133,,43,11,0.0,0.0,0.0,0,0,0,,,-0.09442049324844876,0.04116717481524143,0.0,0.0,0.2684989871605514,-0.04294306513567148,1,1,price=observed;tvl=observed;lp_amount=none,False
2026-05-07T12:00:00+00:00,0.4209747569253267,0.42727580336307946,0.33329972340542685,0.3557245579125029,0.37989471392874563,WETH,pool_swap_ratio,119,85,44.41373694468544,,25043311,69.80406745176404,,119,28,0.0,0.0,0.0,0,0,0,,,-0.1996596716596561,0.258199904908374,0.0,0.0,2.034689797661845,-0.06362330174664177,1,1,price=observed;tvl=observed;lp_amount=none,False
2026-05-07T13:00:00+00:00,0.36194388178838344,0.41125721110166047,0.3590025998673574,0.36843988889522017,0.38946848860020855,WETH,pool_swap_ratio,63,73,36.08196320751978,,25043610,25.650057823796583,,63,18,0.0,0.0,0.0,0,0,0,,,0.035120856913222136,-0.20775570589345047,0.0,0.0,0.5775253241073172,-0.053993070865803294,1,1,price=observed;tvl=observed;lp_amount=none,False
2026-05-07T14:00:00+00:00,0.36047230705846833,0.4528584535546903,0.32991248433091513,0.37374756567823475,0.36838766185904015,WETH,pool_swap_ratio,85,61,41.383536403488925,,25043911,41.98768224154035,,85,25,0.0,0.0,0.0,0,0,0,,,0.014303036882811392,0.1370900239863314,0.0,0.0,1.1636751027114225,0.014549629029773303,1,1,price=observed;tvl=observed;lp_amount=none,False
2026-05-07T15:00:00+00:00,0.3669576317494278,0.3669576317494278,0.3309206393081292,0.366776661209978,0.3459939818461242,WETH,pool_swap_ratio,50,337,42.98766573958465,,25044186,14.980620229611747,,50,20,0.0,0.0,0.0,0,0,0,,,-0.01882750119825757,0.038030100954978774,0.0,0.0,0.3619946851219021,0.060066592063143576,1,1,price=observed;tvl=observed;lp_amount=none,False
2026-05-07T16:00:00+00:00,0.36805560644839097,0.4129229416659034,0.34927256568547455,0.39832731480052763,0.3760894405614942,WETH,pool_swap_ratio,43,13,40.11030311423796,,25044513,11.720990185959556,,43,12,0.0,0.0,0.0,0,0,0,,,0.08252095604604144,-0.0692799944532885,0.0,0.0,0.2726593776215774,0.05912921725702458,1,1,price=observed;tvl=observed;lp_amount=none,False
2026-05-07T17:00:00+00:00,0.4032797355435039,0.42753264894730075,0.3955476000741456,0.3955476000741456,0.40946652195650773,WETH,pool_swap_ratio,32,73,40.230866647691215,,25044806,7.796245528538266,,32,10,0.0,0.0,0.0,0,0,0,,,-0.0070029321604762025,0.003001291226179747,0.0,0.0,0.19437014739913128,-0.03399282025757544,1,1,price=observed;tvl=observed;lp_amount=none,False
2026-05-07T18:00:00+00:00,0.39064307105230806,0.40495730012386594,0.38469879774233523,0.40198755393504565,0.3958325727312826,WETH,pool_swap_ratio,23,61,39.64135907370797,,25045106,5.5019718491623095,,23,10,0.0,0.0,0.0,0,0,0,,,0.016149993643655738,-0.01476153376812441,0.0,0.0,0.13675996337200602,0.015549456077586399,1,1,price=observed;tvl=observed;lp_amount=none,False
2026-05-07T19:00:00+00:00,0.41110502669395405,0.42206360001383,0.4081122097279711,0.4143541892072814,0.4149855075693026,WETH,pool_swap_ratio,11,589,38.15362281624042,,25045358,1.805079453795025,,11,6,0.0,0.0,0.0,0,0,0,,,0.03030000977558988,-0.03825227864580126,0.0,0.0,0.04553525650921084,-0.0015213021912957592,1,1,price=observed;tvl=observed;lp_amount=none,False
2026-05-07T20:00:00+00:00,0.4111091587965365,0.4111091587965365,0.3701115446450079,0.37305897301021906,0.39048649630445714,WETH,pool_swap_ratio,19,73,40.7127533439647,,25045701,4.3418687825706215,,19,7,0.0,0.0,0.0,0,0,0,,,-0.10498462582310554,0.06492067769960556,0.0,0.0,0.11379964632670393,-0.04463028416903325,1,1,price=observed;tvl=observed;lp_amount=none,False
2026-05-07T21:00:00+00:00,0.3694171143981544,0.3844238587347388,0.36060962935161944,0.3844238587347388,0.3716920851543729,WETH,pool_swap_ratio,13,877,40.37054224392055,,25045933,1.9443095040928295,,13,5,0.0,0.0,0.0,0,0,0,,,0.03000923090649424,-0.008441026711248955,0.0,0.0,0.047756767705347446,0.034253550422194357,1,1,price=observed;tvl=observed;lp_amount=none,False
2026-05-07T22:00:00+00:00,0.37743319599826314,0.3817213270976491,0.36841648415221795,0.3731912143851215,0.3749992429816059,WETH,pool_swap_ratio,12,97,40.65920965985679,,25046297,1.4896031077065615,,12,6,0.0,0.0,0.0,0,0,0,,,-0.029654815246651665,0.0071250036030645145,0.0,0.0,0.036898268512380025,-0.004821419323700171,1,1,price=observed;tvl=observed;lp_amount=none,False
2026-05-07T23:00:00+00:00,0.3836856746560293,0.3873848943812969,0.3160056310906879,0.3373668610453782,0.33414380607071925,WETH,pool_swap_ratio,58,121,42.41913593751792,,25046595,22.696106652551993,,58,20,0.0,0.0,0.0,0,0,0,,,-0.10091998070035964,0.0423742094740032,0.0,0.0,0.5582033404589285,0.009645712163752762,1,1,price=observed;tvl=observed;lp_amount=none,False
2026-05-08T00:00:00+00:00,0.33834330125099904,0.37183262635290054,0.33834330125099904,0.3670541218694424,0.35670315732211516,WETH,pool_swap_ratio,34,97,34.293565164715126,,25046895,5.015130648187286,,34,14,0.0,0.0,0.0,0,0,0,,,0.08433836152456582,-0.21264184766037308,0.0,0.0,0.11822802462488673,0.029018427044591455,1,1,price=observed;tvl=observed;lp_amount=none,False
2026-05-08T01:00:00+00:00,0.3683591427515744,0.37124825002062667,0.3490006166408436,0.354941620914963,0.3591403265697395,WETH,pool_swap_ratio,23,73,35.49390448299223,,25047197,4.868714773180501,,23,7,0.0,0.0,0.0,0,0,0,,,-0.03355598039021409,0.03440324498927751,0.0,0.0,0.14197167164730815,-0.011690989131962981,1,1,price=observed;tvl=observed;lp_amount=none,False
2026-05-08T02:00:00+00:00,0.3572528085515403,0.36233114754028,0.33172808624357913,0.3593438906514927,0.34606261265556576,WETH,pool_swap_ratio,48,13,33.5586862406695,,25047501,11.165846145826675,,48,14,0.0,0.0,0.0,0,0,0,,,0.012326514835488953,-0.05606524278437706,0.0,0.0,0.31458489305331466,0.03837825153665397,1,1,price=observed;tvl=observed;lp_amount=none,False
2026-05-08T03:00:00+00:00,0.35438081132181415,0.36605506870473126,0.3266964235790365,0.33353229002086277,0.3422637292269632,WETH,pool_swap_ratio,33,61,33.41183823373169,,25047797,7.604401411289443,,33,10,0.0,0.0,0.0,0,0,0,,,-0.07454016034043688,-0.004385458929631963,0.0,0.0,0.2266000926482554,-0.025510851605051066,1,1,price=observed;tvl=observed;lp_amount=none,False
2026-05-08T04:00:00+00:00,0.33544550019277686,0.40642347858686845,0.33544550019277686,0.37400318817807215,0.37385311518581527,WETH,pool_swap_ratio,38,25,29.99129969647893,,25048100,12.714288796013575,,38,19,0.0,0.0,0.0,0,0,0,,,0.11452463959797099,-0.10800294583625648,0.0,0.0,0.3805324540083991,0.00040142233984674647,1,1,price=observed;tvl=observed;lp_amount=none,False
2026-05-08T05:00:00+00:00,0.3816852680854775,0.423353721027024,0.3816852680854775,0.4147827764994292,0.40149248613551697,WETH,pool_swap_ratio,52,13,29.013270593542593,,25048401,10.178336802133058,,52,17,0.0,0.0,0.0,0,0,0,,,0.10349063115297481,-0.03315399749336679,0.0,0.0,0.3393763159696619,0.03310221441959027,1,1,price=observed;tvl=observed;lp_amount=none,False
2026-05-08T06:00:00+00:00,0.4227079842382609,0.47614965862343045,0.4038025216579396,0.4038025216579396,0.43366381107254887,WETH,pool_swap_ratio,88,97,28.400832566074047,,25048693,28.546650795248198,,88,32,0.0,0.0,0.0,0,0,0,,,-0.026829002393166733,-0.021334871546057035,0.0,0.0,0.983917021805937,-0.06885815383293226,1,1,price=observed;tvl=observed;lp_amount=none,False
2026-05-08T07:00:00+00:00,0.4009220301894875,0.43023766961043064,0.38997018138240386,0.39535516146968713,0.4126392748361374,WETH,pool_swap_ratio,35,97,25.249401674492233,,25048993,7.016535307721911,,35,10,0.0,0.0,0.0,0,0,0,,,-0.02114144680284034,-0.11761600106339679,0.0,0.0,0.2470538598260478,-0.04188673841895907,1,1,price=observed;tvl=observed;lp_amount=none,False
2026-05-08T08:00:00+00:00,0.4031604318482875,0.43046275895187036,0.3982130518800898,0.43046275895187036,0.4136789143828867,WETH,pool_swap_ratio,20,37,24.21455109050275,,25049298,2.1448511548681526,,20,7,0.0,0.0,0.0,0,0,0,,,0.08507630975069619,-0.04184872218597339,0.0,0.0,0.08494661309281443,0.040572153874512296,1,1,price=observed;tvl=observed;lp_amount=none,False
2026-05-08T09:00:00+00:00,0.4320357166548753,0.46399037763679996,0.4276333388360157,0.44496053397235075,0.4474572850618676,WETH,pool_swap_ratio,17,109,23.617259315176614,,25049592,3.068969274319369,,17,7,0.0,0.0,0.0,0,0,0,,,0.03312477690450877,-0.024975965538316724,0.0,0.0,0.12674070491123238,-0.005579864654950528,1,1,price=observed;tvl=observed;lp_amount=none,False
2026-05-08T10:00:00+00:00,0.432135275158564,0.432135275158564,0.38415383030692685,0.3889611777420101,0.40307332922933914,WETH,pool_swap_ratio,13,97,25.143092219249336,,25049893,3.9996275810044644,,13,6,0.0,0.0,0.0,0,0,0,,,-0.13450605204166505,0.06260542391175673,0.0,0.0,0.1693518933602205,-0.03501137501285667,1,1,price=observed;tvl=observed;lp_amount=none,False
2026-05-08T11:00:00+00:00,0.3915642159288348,0.4538823226814982,0.38644931876629174,0.4233186407906587,0.4203510090097184,WETH,pool_swap_ratio,18,433,23.08771429399379,,25050165,7.0379080806240095,,18,7,0.0,0.0,0.0,0,0,0,,,0.08464564489950709,-0.0852825682671861,0.0,0.0,0.2799141815673669,0.00705988975245142,1,1,price=observed;tvl=observed;lp_amount=none,False
2026-05-08T12:00:00+00:00,0.4153696433486104,0.43146534532764236,0.3941533616769956,0.3941533616769956,0.4106674021315553,WETH,pool_swap_ratio,11,433,24.001350916350447,,25050464,2.05572434150696,,11,8,0.0,0.0,0.0,0,0,0,,,-0.07138510699090483,0.03880948964391413,0.0,0.0,0.0890397514162652,-0.04021268883004614,1,1,price=observed;tvl=observed;lp_amount=none,False
2026-05-08T13:00:00+00:00,0.3984286706715411,0.3984286706715411,0.3785706616758947,0.3785706616758947,0.38541954549151786,WETH,pool_swap_ratio,8,169,24.941889937754333,,25050785,1.5096489908757198,,8,5,0.0,0.0,0.0,0,0,0,,,-0.0403373322364929,0.03843859981637108,0.0,0.0,0.06289850084427127,-0.017769944196496024,1,1,price=observed;tvl=observed;lp_amount=none,False
2026-05-08T14:00:00+00:00,0.37390526631941484,0.3919713307843024,0.3680284594045856,0.3790870635372967,0.3794722527345152,WETH,pool_swap_ratio,28,1,25.537681501523128,,25051098,7.172057838767812,,28,10,0.0,0.0,0.0,0,0,0,,,0.001363153635689534,0.023606350611962788,0.0,0.0,0.28755069710701947,-0.0010150655138623232,1,1,price=observed;tvl=observed;lp_amount=none,False
2026-05-08T15:00:00+00:00,0.3841110529343473,0.40072584604483663,0.3793222013429001,0.39195587816758404,0.3890628758408081,WETH,pool_swap_ratio,11,1561,24.106361876277976,,25051268,2.324751835011627,,11,5,0.0,0.0,0.0,0,0,0,,,0.03338337996385163,-0.05767928344415549,0.0,0.0,0.09103221977582315,0.007435822090513744,1,1,price=observed;tvl=observed;lp_amount=none,False
2026-05-08T16:00:00+00:00,0.3892122447478839,0.3957398446852699,0.33433025775852904,0.3463425521774212,0.36377239439867604,WETH,pool_swap_ratio,31,1,24.686376866569102,,25051698,9.276289230462561,,31,10,0.0,0.0,0.0,0,0,0,,,-0.12372095726968904,0.023775763684793547,0.0,0.0,0.38480668622132297,-0.047914142165918716,1,1,price=observed;tvl=observed;lp_amount=none,False
2026-05-08T17:00:00+00:00,0.34151480496636105,0.3736591433703221,0.3333118770562198,0.3678638893318203,0.3560857696674676,WETH,pool_swap_ratio,32,73,24.642878503195085,,25051991,4.8943275379083575,,32,11,0.0,0.0,0.0,0,0,0,,,0.060284683314543515,-0.0017635934020181119,0.0,0.0,0.19826026169665975,0.03307663677588635,1,1,price=observed;tvl=observed;lp_amount=none,False
2026-05-08T18:00:00+00:00,0.37426106971264067,0.3792094379468476,0.3670624459969012,0.3759104935042605,0.37353551866337453,WETH,pool_swap_ratio,8,1477,24.56373569502454,,25052174,0.5584588605079642,,8,5,0.0,0.0,0.0,0,0,0,,,0.021638062055381355,-0.003216757653599245,0.0,0.0,0.022662079043872938,0.006358096411779979,1,1,price=observed;tvl=observed;lp_amount=none,False
2026-05-08T19:00:00+00:00,0.3663089079114549,0.3663089079114549,0.33661650425845335,0.3371119988904431,0.34888642447265555,WETH,pool_swap_ratio,17,37,26.088073538896506,,25052594,3.3828632431266112,,17,7,0.0,0.0,0.0,0,0,0,,,-0.10893584980034544,0.06020706080287401,0.0,0.0,0.13771778385532052,-0.03374859196659663,1,1,price=observed;tvl=observed;lp_amount=none,False
2026-05-08T20:00:00+00:00,0.34487285921753796,0.3489767826984258,0.34185247366902605,0.3489767826984258,0.3462135439517953,WETH,pool_swap_ratio,4,949,26.467005020546623,,25052818,0.9366855320134939,,4,4,0.0,0.0,0.0,0,0,0,,,0.0345901787095698,0.014420606293576731,0.0,0.0,0.03590474132238722,0.00798131325276863,1,1,price=observed;tvl=observed;lp_amount=none,False
2026-05-08T21:00:00+00:00,0.35050097447938905,0.3807867215840375,0.35050097447938905,0.3807867215840375,0.3631988873182138,WETH,pool_swap_ratio,19,181,24.461002168787907,,25053181,2.7301204715980876,,19,8,0.0,0.0,0.0,0,0,0,,,0.08723403774931117,-0.07881876249406738,0.0,0.0,0.10315184772431431,0.048424802167453374,1,1,price=observed;tvl=observed;lp_amount=none,False
2026-05-08T22:00:00+00:00,0.40050997709326974,0.40050997709326974,0.3668920698678597,0.3668920698678597,0.39277628205481036,WETH,pool_swap_ratio,13,397,23.887667678648654,,25053461,2.7348110266544166,,13,9,0.0,0.0,0.0,0,0,0,,,-0.03717171527059766,-0.023717772104743216,0.0,0.0,0.11180290193277605,-0.06590064973255849,1,1,price=observed;tvl=observed;lp_amount=none,False
2026-05-08T23:00:00+00:00,0.36485626820661127,0.36485626820661127,0.3443911653944996,0.3556080772212007,0.3556678054752877,WETH,pool_swap_ratio,13,1,24.581743060173956,,25053792,1.668181792960338,,13,8,0.0,0.0,0.0,0,0,0,,,-0.031238499521713314,0.02864168632563244,0.0,0.0,0.06983443571811732,-0.00016793269778014874,1,1,price=observed;tvl=observed;lp_amount=none,False
2026-05-09T00:00:00+00:00,0.3622425303974302,0.38286732962875863,0.35796734762386945,0.3765723859353081,0.37325866930767504,WETH,pool_swap_ratio,18,121,24.967783876578206,,25054082,1.9741829095045245,,18,7,0.0,0.0,0.0,0,0,0,,,0.05728107115356362,0.015582333532720509,0.0,0.0,0.08031094071205193,0.00887780217879297,1,1,price=observed;tvl=observed;lp_amount=none,False
2026-05-09T01:00:00+00:00,0.3839369027254237,0.3961467679851667,0.3759587861643099,0.3961467679851667,0.38615207789218026,WETH,pool_swap_ratio,15,481,24.36142074966621,,25054351,2.2376420730579145,,15,7,0.0,0.0,0.0,0,0,0,,,0.05067447993403483,-0.02458558471656374,0.0,0.0,0.08962117279287263,0.025882782108910707,1,1,price=observed;tvl=observed;lp_amount=none,False
2026-05-09T02:00:00+00:00,0.4016233040994684,0.4107594324654916,0.3897805647343659,0.4043703054376311,0.40179395835524095,WETH,pool_swap_ratio,14,37,23.29490226225878,,25054686,2.074320814284052,,14,12,0.0,0.0,0.0,0,0,0,,,0.020546286945254302,-0.04476621459111651,0.0,0.0,0.08514777670807534,0.0064121100599334735,1,1,price=observed;tvl=observed;lp_amount=none,False
2026-05-09T03:00:00+00:00,0.39311590889730025,0.4976297333317431,0.39311590889730025,0.46199503475014025,0.45572926708790895,WETH,pool_swap_ratio,69,37,21.5793885885963,,25054986,17.72545186322708,,69,31,0.0,0.0,0.0,0,0,0,,,0.13322308796994817,-0.07649592249527222,0.0,0.0,0.760915485442708,0.013748881440661664,1,1,price=observed;tvl=observed;lp_amount=none,False
2026-05-09T04:00:00+00:00,0.47580095786586474,0.47580095786586474,0.4030626518987013,0.4030626518987013,0.44110157476269213,WETH,pool_swap_ratio,54,85,23.7555700983158,,25055282,10.032003463087412,,54,20,0.0,0.0,0.0,0,0,0,,,-0.1364621300979844,0.09607840632659526,0.0,0.0,0.4648882159890692,-0.08623619828257334,1,1,price=observed;tvl=observed;lp_amount=none,False
2026-05-09T05:00:00+00:00,0.4104891304280997,0.42677304874604405,0.4104891304280997,0.41573316011047284,0.41847304416892694,WETH,pool_swap_ratio,12,1,23.348108735153335,,25055588,0.7947317266582004,,12,7,0.0,0.0,0.0,0,0,0,,,0.03095159877523523,-0.017301048956736044,0.0,0.0,0.03345454238181152,-0.006547337030740952,1,1,price=observed;tvl=observed;lp_amount=none,False
2026-05-09T06:00:00+00:00,0.4117274403837515,0.43792420928630205,0.40091093904689745,0.4207242972605068,0.4246737463361668,WETH,pool_swap_ratio,19,145,23.048664101000266,,25055875,3.5064605459149933,,19,6,0.0,0.0,0.0,0,0,0,,,0.011934130884570517,-0.012908173290894455,0.0,0.0,0.15018178070395924,-0.009299960522008877,1,1,price=observed;tvl=observed;lp_amount=none,False
2026-05-09T07:00:00+00:00,0.4189907063893192,0.42668820839813953,0.41525284466864326,0.41525284466864326,0.4192546928042058,WETH,pool_swap_ratio,5,109,23.32561198630705,,25056178,0.33104790202245826,,5,3,0.0,0.0,0.0,0,0,0,,,-0.013090144325367438,0.011944172553831945,0.0,0.0,0.01436299737684543,-0.009545148102686696,1,1,price=observed;tvl=observed;lp_amount=none,False
2026-05-09T08:00:00+00:00,0.4139535151204441,0.46493226282572964,0.4108731191305845,0.4435179727763159,0.43463695155159915,WETH,pool_swap_ratio,36,13,22.178929573473255,,25056484,6.6521320023966695,,36,18,0.0,0.0,0.0,0,0,0,,,0.0658507268241954,-0.05040926387605248,0.0,0.0,0.2851857437353285,0.020433194170474067,1,1,price=observed;tvl=observed;lp_amount=none,False
2026-05-09T09:00:00+00:00,0.44603778748597145,0.45117132437376917,0.4249904467881304,0.43289152333405967,0.4393149413872776,WETH,pool_swap_ratio,26,289,22.881173234036186,,25056761,3.383368882083937,,26,9,0.0,0.0,0.0,0,0,0,,,-0.02425115265224777,0.031171723040078727,0.0,0.0,0.15254879054805962,-0.01462144226857831,1,1,price=observed;tvl=observed;lp_amount=none,False
2026-05-09T10:00:00+00:00,0.4192564985906426,0.4259434910916737,0.4166590389984078,0.4259434910916737,0.42050843177959624,WETH,pool_swap_ratio,7,565,23.308480602927588,,25057038,0.9967627197034515,,7,4,0.0,0.0,0.0,0,0,0,,,-0.016180485687285886,0.01850282581531309,0.0,0.0,0.04356257039393189,0.01292497106199808,1,1,price=observed;tvl=observed;lp_amount=none,False
2026-05-09T11:00:00+00:00,0.41665523015356337,0.426109746588965,0.41201710905307387,0.41421683957918226,0.41913149968263835,WETH,pool_swap_ratio,14,97,23.242131119573887,,25057374,1.7497034009862322,,14,6,0.0,0.0,0.0,0,0,0,,,-0.027917083644355394,-0.002850640446132518,0.0,0.0,0.07506724401274213,-0.011725819002335602,1,1,price=observed;tvl=observed;lp_amount=none,False
2026-05-09T12:00:00+00:00,0.42401857696191647,0.46662294707807095,0.41908361121892707,0.45243996352803956,0.4436268198944855,WETH,pool_swap_ratio,24,61,21.481490109154755,,25057676,4.5517111559952435,,24,7,0.0,0.0,0.0,0,0,0,,,0.088265473244793,-0.07877498910837114,0.0,0.0,0.19583880379032526,0.019866119987178132,1,1,price=observed;tvl=observed;lp_amount=none,False
2026-05-09T13:00:00+00:00,0.4416375427340582,0.4545432032363471,0.4265764907929319,0.4331070650440367,0.44230403190354944,WETH,pool_swap_ratio,33,25,22.14550201614849,,25057977,6.318457876640198,,33,13,0.0,0.0,0.0,0,0,0,,,-0.043670116232385404,0.030442767452296442,0.0,0.0,0.2941349899161541,-0.020793314544142127,1,1,price=observed;tvl=observed;lp_amount=none,False
2026-05-09T14:00:00+00:00,0.43172137819321654,0.5417299529691557,0.4248807902460506,0.52760817478105,0.4890979992412627,WETH,pool_swap_ratio,90,1,17.784199519218596,,25058276,20.74393772089372,,90,30,0.0,0.0,0.0,0,0,0,,,0.19736895418199593,-0.21932401099306958,0.0,0.0,0.9367111075543579,0.07873713570598984,1,1,price=observed;tvl=observed;lp_amount=none,False
2026-05-09T15:00:00+00:00,0.5246591316537983,0.5986916115031349,0.4898293895926917,0.5638038472174545,0.5374664736002106,WETH,pool_swap_ratio,113,37,17.218731101531635,,25058572,15.905125181032558,,113,28,0.0,0.0,0.0,0,0,0,,,0.06635248738295424,-0.0323125868274645,0.0,0.0,0.894340235209608,0.0490028214054421,1,1,price=observed;tvl=observed;lp_amount=none,False
2026-05-09T16:00:00+00:00,0.5685215765886966,0.5921231324845502,0.4947155868404023,0.5183132603199572,0.5410053313835347,WETH,pool_swap_ratio,49,337,18.26307007474018,,25058846,6.615535753464038,,49,13,0.0,0.0,0.0,0,0,0,,,-0.08412659325950647,0.05888318338026027,0.0,0.0,0.38420576489957353,-0.041944265143462056,1,1,price=observed;tvl=observed;lp_amount=none,False
2026-05-09T17:00:00+00:00,0.5263658194584262,0.5701924967402167,0.5174166304053439,0.5357649142466294,0.544442207334849,WETH,pool_swap_ratio,29,181,17.700476360585032,,25059157,3.3874667534162928,,29,11,0.0,0.0,0.0,0,0,0,,,0.033115662912855726,-0.03128943993610661,0.0,0.0,0.18548178042099991,-0.015937950752746843,1,1,price=observed;tvl=observed;lp_amount=none,False
2026-05-09T18:00:00+00:00,0.5462998655903522,0.573963259419213,0.5063228729761174,0.5144658921365427,0.5461398619064963,WETH,pool_swap_ratio,25,145,18.46212167547502,,25059459,2.831577786925999,,25,11,0.0,0.0,0.0,0,0,0,,,-0.04056621218420817,0.042129603891336784,0.0,0.0,0.15997184082747534,-0.057996077523776224,1,1,price=observed;tvl=observed;lp_amount=none,False
2026-05-09T19:00:00+00:00,0.5168361220689267,0.5191197842199593,0.5030787923923856,0.5119955712927744,0.5105230744937692,WETH,pool_swap_ratio,15,37,18.5158447777637,,25059766,1.2226824791720925,,15,7,0.0,0.0,0.0,0,0,0,,,-0.004813284669878574,0.0029056838566439516,0.0,0.0,0.06622654214202786,0.0028842903926826757,1,1,price=observed;tvl=observed;lp_amount=none,False
2026-05-09T20:00:00+00:00,0.5143805267909611,0.5191452835526104,0.5143805267909611,0.5191452835526104,0.5165698491514532,WETH,pool_swap_ratio,3,769,18.247308232528034,,25060005,0.1976391617103863,,3,2,0.0,0.0,0.0,0,0,0,,,0.01386779858337763,-0.014609264950895996,0.0,0.0,0.01067405587390416,0.0049856459980923695,1,1,price=observed;tvl=observed;lp_amount=none,False
2026-05-09T21:00:00+00:00,0.5212662888172418,0.5248091516236114,0.5138317169579476,0.5139217603389755,0.5193079741100572,WETH,pool_swap_ratio,5,1933,18.120488569035267,,25060207,0.3861906063604792,,5,4,0.0,0.0,0.0,0,0,0,,,-0.010112737137077384,-0.006974311819741848,0.0,0.0,0.021164250717924944,-0.010371906536409625,1,1,price=observed;tvl=observed;lp_amount=none,False
2026-05-09T22:00:00+00:00,0.5242575910234231,0.5837338550432755,0.5232574342169027,0.5408001165540546,0.5557147578050531,WETH,pool_swap_ratio,29,13,17.43577480249612,,25060663,2.760753008880852,,29,10,0.0,0.0,0.0,0,0,0,,,0.05097870362068356,-0.038519144592860446,0.0,0.0,0.15235532962386533,-0.026838663255782436,1,1,price=observed;tvl=observed;lp_amount=none,False
2026-05-09T23:00:00+00:00,0.5340728034603862,0.5715436052527624,0.527862026906705,0.5715436052527624,0.5495527436503147,WETH,pool_swap_ratio,13,229,16.815067334308964,,25060945,1.2903084361342625,,13,5,0.0,0.0,0.0,0,0,0,,,0.055291039728790334,-0.03624876902609751,0.0,0.0,0.07400350433234208,0.04001592541668875,1,1,price=observed;tvl=observed;lp_amount=none,False
2026-05-10T00:00:00+00:00,0.5774683480480932,0.5774683480480932,0.5377398110091339,0.5377398110091339,0.5538407092582468,WETH,pool_swap_ratio,17,289,17.67530808993656,,25061240,2.100868842000807,,17,6,0.0,0.0,0.0,0,0,0,,,-0.06096595946004709,0.04989329285822191,0.0,0.0,0.12493966275795142,-0.029071352069219736,1,1,price=observed;tvl=observed;lp_amount=none,False
2026-05-10T01:00:00+00:00,0.5269463158823636,0.557536621322793,0.5269463158823636,0.557536621322793,0.5426636003354565,WETH,pool_swap_ratio,17,37,17.20716588120941,,25061561,1.1063237294789339,,17,10,0.0,0.0,0.0,0,0,0,,,0.036153369129233295,-0.026842724404121568,0.0,0.0,0.06259148207486236,0.027407441697107737,1,1,price=observed;tvl=observed;lp_amount=none,False
2026-05-10T02:00:00+00:00,0.5449015267556756,0.6253118683100106,0.5449015267556756,0.5621268058343121,0.5814704036322376,WETH,pool_swap_ratio,54,97,17.127873749883562,,25061856,6.161048697031658,,54,19,0.0,0.0,0.0,0,0,0,,,0.008199267951239226,-0.004618737775613445,0.0,0.0,0.3580513339363837,-0.033266693673646985,1,1,price=observed;tvl=observed;lp_amount=none,False
2026-05-10T03:00:00+00:00,0.5642672483835115,0.5665773799495948,0.33590755963502456,0.45372452073433067,0.4452509807357025,WETH,pool_swap_ratio,50,13,20.085364407333945,,25062161,18.607648537935372,,50,21,0.0,0.0,0.0,0,0,0,,,-0.2142372262486691,0.15928423062260086,0.0,0.0,1.0863957085193876,0.019030929442596767,1,1,price=observed;tvl=observed;lp_amount=none,False
2026-05-10T04:00:00+00:00,0.4652934610108059,0.5760149610261737,0.4606878066185336,0.539508068750785,0.5102744406763291,WETH,pool_swap_ratio,56,505,17.733718476313346,,25062420,11.325993453196634,,56,22,0.0,0.0,0.0,0,0,0,,,0.17316750921473367,-0.12452358487176761,0.0,0.0,0.563892853697047,0.0572900105200429,1,1,price=observed;tvl=observed;lp_amount=none,False
2026-05-10T05:00:00+00:00,0.5425944499216196,0.5582364322139607,0.5079941735172927,0.5079941735172927,0.5368490824712466,WETH,pool_swap_ratio,22,541,18.32589742469759,,25062717,2.206067183681131,,22,10,0.0,0.0,0.0,0,0,0,,,-0.060187762507003174,0.03284739323921716,0.0,0.0,0.12439958301062133,-0.053748641650140816,1,1,price=observed;tvl=observed;lp_amount=none,False
2026-05-10T06:00:00+00:00,0.5045193530830161,0.51749271312279,0.5029709879503448,0.51749271312279,0.5107352623957904,WETH,pool_swap_ratio,9,73,18.281742081030742,,25063055,0.7884655342115652,,9,4,0.0,0.0,0.0,0,0,0,,,0.018525466059683027,-0.00241235794912863,0.0,0.0,0.04302466154530363,0.013230828620098167,1,1,price=observed;tvl=observed;lp_amount=none,False
2026-05-10T07:00:00+00:00,0.50703051425672,0.5147712086937786,0.49349690635378757,0.49349690635378757,0.5007776841282575,WETH,pool_swap_ratio,7,193,18.676072541747892,,25063342,0.5486458588440101,,7,6,0.0,0.0,0.0,0,0,0,,,-0.04747885405100608,0.02134030000127042,0.0,0.0,0.030010589604219866,-0.014538942139852296,1,1,price=observed;tvl=observed;lp_amount=none,False
2026-05-10T08:00:00+00:00,0.4886082706196055,0.534744598376483,0.4858572115630562,0.5277404841132015,0.5168930105548606,WETH,pool_swap_ratio,22,661,17.789914113378202,,25063603,2.301619945373219,,22,10,0.0,0.0,0.0,0,0,0,,,0.06708806544832756,-0.04861148746137257,0.0,0.0,0.12323897009011138,0.02098591649884507,1,1,price=observed;tvl=observed;lp_amount=none,False
2026-05-10T09:00:00+00:00,0.5231084541951977,0.541485920461667,0.5231084541951977,0.5298126106946568,0.5310894359161747,WETH,pool_swap_ratio,13,661,17.79696539956935,,25063902,1.204255806445716,,13,6,0.0,0.0,0.0,0,0,0,,,0.0039187237847963735,0.00039628573114196063,0.0,0.0,0.06769317708735328,-0.0024041623409724044,1,1,price=observed;tvl=observed;lp_amount=none,False
2026-05-10T10:00:00+00:00,0.5425648861143428,0.5555664264905682,0.5236357068491007,0.5403622200787818,0.5423352937982278,WETH,pool_swap_ratio,12,373,17.501063133462132,,25064221,1.5357279694127908,,12,6,0.0,0.0,0.0,0,0,0,,,0.01971631331067185,-0.016766330026087677,0.0,0.0,0.0862915634735095,-0.003638106798522389,1,1,price=observed;tvl=observed;lp_amount=none,False
2026-05-10T11:00:00+00:00,0.5372696073911836,0.556474306433361,0.5169273080290209,0.551791203619017,0.5341180013058285,WETH,pool_swap_ratio,20,205,17.447213682565035,,25064534,2.380322305309768,,20,7,0.0,0.0,0.0,0,0,0,,,0.02093002779648069,-0.0030816680202270393,0.0,0.0,0.13601015476360281,0.03308857269363785,1,1,price=observed;tvl=observed;lp_amount=none,False
2026-05-10T12:00:00+00:00,0.539131902813228,0.5649158616218233,0.514476627589961,0.5228305004879676,0.5426088902266573,WETH,pool_swap_ratio,20,49,18.22747119494278,,25064847,3.2111827336348737,,20,5,0.0,0.0,0.0,0,0,0,,,-0.053912399716563544,0.043749900842019504,0.0,0.0,0.18405132143499808,-0.036450544941178276,1,1,price=observed;tvl=observed;lp_amount=none,False
2026-05-10T13:00:00+00:00,0.513454007098682,0.5146849649770527,0.48009672038365364,0.48009672038365364,0.49825457476189317,WETH,pool_swap_ratio,16,49,19.356694013959597,,25065145,1.95120727300624,,16,9,0.0,0.0,0.0,0,0,0,,,-0.08526973628829333,0.06010844113531146,0.0,0.0,0.1070476124821749,-0.03644292556052664,1,1,price=observed;tvl=observed;lp_amount=none,False
2026-05-10T14:00:00+00:00,0.4880515795666852,0.5016790723633473,0.48733891080059405,0.4957411465592913,0.4937298655131638,WETH,pool_swap_ratio,12,733,19.753883790028794,,25065388,1.1405724308235865,,12,5,0.0,0.0,0.0,0,0,0,,,0.03206632415758235,0.020311816086034676,0.0,0.0,0.05892392729879556,0.0040736467177999724,1,1,price=observed;tvl=observed;lp_amount=none,False
2026-05-10T15:00:00+00:00,0.4831736678887091,0.4833456365966391,0.4385003980558622,0.44581626840836985,0.46251721034535587,WETH,pool_swap_ratio,18,25,21.516788899421467,,25065747,2.6123792771563386,,18,8,0.0,0.0,0.0,0,0,0,,,-0.10614699565795667,0.08548338983814144,0.0,0.0,0.1322463625342878,-0.03610880106389036,1,1,price=observed;tvl=observed;lp_amount=none,False
2026-05-10T16:00:00+00:00,0.4483637500334785,0.4998435820222104,0.4443680569885391,0.4934297287482692,0.4724771911510992,WETH,pool_swap_ratio,16,853,19.70011002476112,,25065975,3.097847216936165,,16,8,0.0,0.0,0.0,0,0,0,,,0.10147354221179229,-0.08820928870746124,0.0,0.0,0.1439734911848049,0.044346135622173044,1,1,price=observed;tvl=observed;lp_amount=none,False
2026-05-10T17:00:00+00:00,0.48484717329568966,0.4930917921762128,0.48308682069158115,0.48308682069158115,0.4865362476271599,WETH,pool_swap_ratio,7,721,19.789692492493867,,25066286,0.2812521098445667,,7,4,0.0,0.0,0.0,0,0,0,,,-0.021184064630492952,0.004537000222278374,0.0,0.0,0.014276677109470974,-0.007089763511766378,1,1,price=observed;tvl=observed;lp_amount=none,False
2026-05-10T18:00:00+00:00,0.4933556795526815,0.49836131214295165,0.487766774703197,0.487766774703197,0.49325151640631504,WETH,pool_swap_ratio,4,1225,19.64417030117865,,25066543,0.3470591034283189,,4,2,0.0,0.0,0.0,0,0,0,,,0.009640980438903253,-0.007380603450674571,0.0,0.0,0.017537367170306295,-0.011119563793900222,1,1,price=observed;tvl=observed;lp_amount=none,False
2026-05-10T19:00:00+00:00,0.4962541783425429,0.4998747988698394,0.4883641813760285,0.488915615827749,0.49553405843626475,WETH,pool_swap_ratio,8,445,19.556673278618202,,25066905,0.5397879268735276,,8,5,0.0,0.0,0.0,0,0,0,,,0.002352538891945529,-0.004464045151655349,0.0,0.0,0.027478275671492237,-0.013356181065336425,1,1,price=observed;tvl=observed;lp_amount=none,False
2026-05-10T20:00:00+00:00,0.48539991908467495,0.48539991908467495,0.45957294525194525,0.45957294525194525,0.47333283600218734,WETH,pool_swap_ratio,5,1,20.051045432596837,,25067240,1.1334641694492948,,5,3,0.0,0.0,0.0,0,0,0,,,-0.06189223142987791,0.024964721308369426,0.0,0.0,0.057957923277704874,-0.02907022226993461,1,1,price=observed;tvl=observed;lp_amount=none,False
2026-05-10T21:00:00+00:00,0.4507202071389231,0.46908588919397015,0.4507202071389231,0.4613608658954319,0.4585653861675621,WETH,pool_swap_ratio,9,157,20.62472356559838,,25067526,1.7056889203604115,,9,6,0.0,0.0,0.0,0,0,0,,,0.0038828477533218533,0.028209235580927496,0.0,0.0,0.08506733108227293,0.0060961420381788756,1,1,price=observed;tvl=observed;lp_amount=none,False
2026-05-10T22:00:00+00:00,0.46040058380567317,0.4716002737747467,0.45841487000257464,0.46255678276307466,0.4652947613797602,WETH,pool_swap_ratio,5,253,20.643787374157405,,25067818,0.5934268481336044,,5,4,0.0,0.0,0.0,0,0,0,,,0.002588796820334864,0.0009238913389865538,0.0,0.0,0.028772596454258823,-0.005884395965616518,1,1,price=observed;tvl=observed;lp_amount=none,False
2026-05-10T23:00:00+00:00,0.47332008281330573,0.47960004294317915,0.46838033725054506,0.46838033725054506,0.4735405908871913,WETH,pool_swap_ratio,6,265,20.405323683907703,,25068116,0.7661747962530867,,6,3,0.0,0.0,0.0,0,0,0,,,0.012511329341414188,-0.011618588887642178,0.0,0.0,0.03711406159957888,-0.010897172778744024,1,1,price=observed;tvl=observed;lp_amount=none,False
2026-05-11T00:00:00+00:00,0.4655695958305873,0.4704556256463022,0.4588705791982295,0.4588705791982295,0.46340057429148435,WETH,pool_swap_ratio,8,337,20.797749322876985,,25068408,0.810025910376672,,8,5,0.0,0.0,0.0,0,0,0,,,-0.02051244452907633,0.01904894351951521,0.0,0.0,0.039696792999930924,-0.009775549156754937,1,1,price=observed;tvl=observed;lp_amount=none,False
2026-05-11T01:00:00+00:00,0.46930432497068764,0.4839337683150323,0.46687432751396235,0.4826267531709766,0.47564376583503243,WETH,pool_swap_ratio,10,541,20.152807425046753,,25068691,1.3971524491457126,,10,5,0.0,0.0,0.0,0,0,0,,,0.05047537938115222,-0.03150117022897297,0.0,0.0,0.06717805986866478,0.014681128688157852,1,1,price=observed;tvl=observed;lp_amount=none,False
2026-05-11T02:00:00+00:00,0.4855125713402558,0.5093226546440339,0.4855125713402558,0.49938811881015527,0.49671038589368993,WETH,pool_swap_ratio,12,73,19.29203668571227,,25069030,1.3214091523644451,,12,7,0.0,0.0,0.0,0,0,0,,,0.03413999948216141,-0.043651201185480035,0.0,0.0,0.0655694824296362,0.005390934018115079,1,1,price=observed;tvl=observed;lp_amount=none,False
2026-05-11T03:00:00+00:00,0.5087585994981768,0.5174870486854645,0.4879022743718869,0.4879022743718869,0.5043250776539713,WETH,pool_swap_ratio,15,49,19.650313048812897,,25069329,1.845918977531168,,15,6,0.0,0.0,0.0,0,0,0,,,-0.02326845826956849,0.018400865618413437,0.0,0.0,0.09568294978923922,-0.032563923567870745,1,1,price=observed;tvl=observed;lp_amount=none,False
2026-05-11T04:00:00+00:00,0.5096872863961264,0.5207299562144041,0.4655650592358363,0.5207299562144041,0.49511357858888777,WETH,pool_swap_ratio,23,325,18.85492447979786,,25069605,4.963186253011141,,23,16,0.0,0.0,0.0,0,0,0,,,0.06511646080924148,-0.041319144037721675,0.0,0.0,0.25257542924034865,0.05173838636889139,1,1,price=observed;tvl=observed;lp_amount=none,False
2026-05-11T05:00:00+00:00,0.5089587820724217,0.5135201344853385,0.49154838737249895,0.512699035253305,0.5029680291311494,WETH,pool_swap_ratio,19,97,19.04610272337541,,25069922,1.800904766375299,,19,9,0.0,0.0,0.0,0,0,0,,,-0.015542592083903042,0.010088373805015413,0.0,0.0,0.0955137618453408,0.019347166337720045,1,1,price=observed;tvl=observed;lp_amount=none,False
2026-05-11T06:00:00+00:00,0.501699109145302,0.5057742297830855,0.4869786218069597,0.48782970368516737,0.4961499100922946,WETH,pool_swap_ratio,13,1,19.816333370877977,,25070228,2.319297662900704,,13,9,0.0,0.0,0.0,0,0,0,,,-0.04972261999819882,0.03964401617101562,0.0,0.0,0.12177282127404544,-0.01676954129766839,1,1,price=observed;tvl=observed;lp_amount=none,False
2026-05-11T07:00:00+00:00,0.4944791195937077,0.5153759169734509,0.48613221375076426,0.5153759169734509,0.5010975250036072,WETH,pool_swap_ratio,12,1141,19.009804073780803,,25070433,2.4019692550171325,,12,5,0.0,0.0,0.0,0,0,0,,,0.05493019316946277,-0.04155166539856025,0.0,0.0,0.12121158894849131,0.028494237663099442,1,1,price=observed;tvl=observed;lp_amount=none,False
2026-05-11T08:00:00+00:00,0.5017361461663716,0.5061079875935081,0.4816520186022977,0.4991372766238744,0.49576649844187176,WETH,pool_swap_ratio,10,73,19.189940922253808,,25070819,1.9056552680823051,,10,5,0.0,0.0,0.0,0,0,0,,,-0.03201540888873395,0.009431381480084544,0.0,0.0,0.10024591840537024,0.0067991245729523975,1,1,price=observed;tvl=observed;lp_amount=none,False
2026-05-11T09:00:00+00:00,0.4891627474000484,0.4891627474000484,0.47047463064070416,0.4721967904266159,0.48122494797088405,WETH,pool_swap_ratio,10,613,20.292910195488044,,25071074,2.0356815433534394,,10,5,0.0,0.0,0.0,0,0,0,,,-0.05548533380734652,0.05588534214595729,0.0,0.0,0.10608065713181748,-0.018760784498675687,1,1,price=observed;tvl=observed;lp_amount=none,False
2026-05-11T10:00:00+00:00,0.4682515944457371,0.47831021327986445,0.4571875673405224,0.4571875673405224,0.4683379444949626,WETH,pool_swap_ratio,8,85,20.801649793278315,,25071418,1.0351403351759447,,8,5,0.0,0.0,0.0,0,0,0,,,-0.03230208905737232,0.024760726954923155,0.0,0.0,0.05100995003693947,-0.023808400078418335,1,1,price=observed;tvl=observed;lp_amount=none,False
2026-05-11T11:00:00+00:00,0.467362992737022,0.467362992737022,0.40551418039987047,0.4281513378964987,0.4315010904001345,WETH,pool_swap_ratio,45,325,21.921380858135915,,25071696,8.678343072589177,,45,17,0.0,0.0,0.0,0,0,0,,,-0.06561701220887485,0.05243015490222574,0.0,0.0,0.4171949416912802,-0.007763022106223594,1,1,price=observed;tvl=observed;lp_amount=none,False
2026-05-11T12:00:00+00:00,0.4224626984133812,0.43838811358599095,0.3966964831818652,0.4006160923171981,0.4112411159161061,WETH,pool_swap_ratio,40,181,22.958211563261543,,25072006,7.466336925836867,,40,17,0.0,0.0,0.0,0,0,0,,,-0.0664731333364735,0.04621321938272619,0.0,0.0,0.34059610451345296,-0.025836481780862508,1,1,price=observed;tvl=observed;lp_amount=none,False
2026-05-11T13:00:00+00:00,0.40502571254899017,0.42270710978062,0.36426014564308734,0.41335766712333893,0.38994406140964355,WETH,pool_swap_ratio,30,289,22.497822229368214,,25072295,7.376672484270096,,30,15,0.0,0.0,0.0,0,0,0,,,0.03130964730858164,-0.020257160111251244,0.0,0.0,0.32130867267006463,0.0600434986214573,1,1,price=observed;tvl=observed;lp_amount=none,False
2026-05-11T14:00:00+00:00,0.40638762243193977,0.41226327135335195,0.387663712723941,0.40552285910023206,0.40115510184939773,WETH,pool_swap_ratio,13,949,22.6935903219281,,25072538,1.7590772493768785,,13,9,0.0,0.0,0.0,0,0,0,,,-0.019135995677124366,0.008664005222094116,0.0,0.0,0.07818877896015258,0.010887951395104123,1,1,price=observed;tvl=observed;lp_amount=none,False
2026-05-11T15:00:00+00:00,0.40364305077167933,0.41179707813658906,0.40364305077167933,0.41179707813658906,0.40705678431360154,WETH,pool_swap_ratio,4,445,22.729350405714584,,25072877,0.21693052918007533,,4,4,0.0,0.0,0.0,0,0,0,,,0.015353454629141174,0.0015745387947846317,0.0,0.0,0.009559110132100262,0.01164528882863558,1,1,price=observed;tvl=observed;lp_amount=none,False
2026-05-11T16:00:00+00:00,0.4137051021426102,0.4137051021426102,0.3666790868306861,0.36956549818126316,0.38724817311678444,WETH,pool_swap_ratio,14,37,23.999581815473267,,25073211,2.4052107084365875,,14,8,0.0,0.0,0.0,0,0,0,,,-0.10820271288912754,0.054379347103898766,0.0,0.0,0.10581959737097776,-0.045662384390871336,1,1,price=observed;tvl=observed;lp_amount=none,False
2026-05-11T17:00:00+00:00,0.37254676781472446,0.39062256526323064,0.37254676781472446,0.380440670145298,0.38325992191156044,WETH,pool_swap_ratio,10,697,22.717955820667758,,25073455,1.1942827015485438,,10,4,0.0,0.0,0.0,0,0,0,,,0.029002252779694877,-0.05488078871757008,0.0,0.0,0.04976264631321838,-0.007355978554191234,1,1,price=observed;tvl=observed;lp_amount=none,False
2026-05-11T18:00:00+00:00,0.3922395110757875,0.416598053093802,0.3922395110757875,0.416598053093802,0.4045591231341785,WETH,pool_swap_ratio,14,25,22.479178828526653,,25073811,1.4075211795406928,,14,4,0.0,0.0,0.0,0,0,0,,,0.09079161638008594,-0.010566121745129452,0.0,0.0,0.06195633051897188,0.02975814725510606,1,1,price=observed;tvl=observed;lp_amount=none,False
2026-05-11T19:00:00+00:00,0.40776648843833985,0.41855657927570994,0.40756843301663825,0.41473224352073046,0.41161369992585145,WETH,pool_swap_ratio,6,253,21.815770772866053,,25074090,0.66702091292857,,6,3,0.0,0.0,0.0,0,0,0,,,-0.00448873982696192,-0.029956357184443103,0.0,0.0,0.02967283271407154,0.0075763843512517415,1,1,price=observed;tvl=observed;lp_amount=none,False
2026-05-11T20:00:00+00:00,0.4216523668127503,0.4217037801032746,0.3936464955240761,0.4129015053217864,0.4033547483819037,WETH,pool_swap_ratio,9,325,22.39696756558248,,25074382,4.304828138443464,,9,6,0.0,0.0,0.0,0,0,0,,,-0.004424037051300359,0.026292434966550527,0.0,0.0,0.19732642881441115,0.02366838862857179,1,1,price=observed;tvl=observed;lp_amount=none,False
2026-05-11T21:00:00+00:00,0.42083749407539744,0.42083749407539744,0.40540249133252965,0.40540249133252965,0.4110581867886231,WETH,pool_swap_ratio,8,193,22.68262503086055,,25074692,0.8226860173121823,,8,3,0.0,0.0,0.0,0,0,0,,,-0.018328699247220828,0.012673641103119086,0.0,0.0,0.03673202699888745,-0.013758868301050886,1,1,price=observed;tvl=observed;lp_amount=none,False
2026-05-11T22:00:00+00:00,0.40312801635163115,0.404979893272058,0.3914669008151924,0.3914669008151924,0.3975986249206141,WETH,pool_swap_ratio,9,217,23.148763128485047,,25074988,0.908654304689322,,9,6,0.0,0.0,0.0,0,0,0,,,-0.03497941204444713,0.020342136266339742,0.0,0.0,0.04005948621259948,-0.015421894647261292,1,1,price=observed;tvl=observed;lp_amount=none,False
2026-05-11T23:00:00+00:00,0.3898017131992815,0.39653977257869016,0.385077509438056,0.39653977257869016,0.3900347869392463,WETH,pool_swap_ratio,7,193,23.142202898740386,,25075289,0.5115931611089191,,7,5,0.0,0.0,0.0,0,0,0,,,0.012875377872665236,-0.0002834345597679352,0.0,0.0,0.022100237419570498,0.016677962728635087,1,1,price=observed;tvl=observed;lp_amount=none,False
2026-05-12T00:00:00+00:00,0.3900110632588611,0.399527613657705,0.3894574241757236,0.39073109031042697,0.39396202922900836,WETH,pool_swap_ratio,6,853,23.166395731248514,,25075534,0.20775384581992162,,6,5,0.0,0.0,0.0,0,0,0,,,-0.01475677038493304,0.001044852810270008,0.0,0.0,0.008977271815002085,-0.008201142950005624,1,1,price=observed;tvl=observed;lp_amount=none,False
2026-05-12T01:00:00+00:00,0.4040730641689708,0.4297193157394527,0.4026129861379298,0.40825986187645996,0.41478620269216704,WETH,pool_swap_ratio,24,49,22.8075381656819,,25075899,2.739515290559462,,24,12,0.0,0.0,0.0,0,0,0,,,0.04388431321174331,-0.015611666161174022,0.0,0.0,0.11825384157036588,-0.015734228316534926,1,1,price=observed;tvl=observed;lp_amount=none,False
2026-05-12T02:00:00+00:00,0.3989279175843254,0.40638057770084374,0.3741942555734495,0.37481272551014183,0.3874877036655356,WETH,pool_swap_ratio,15,169,23.72292868940552,,25076188,1.2253995074109343,,15,9,0.0,0.0,0.0,0,0,0,,,-0.08547738543313374,0.039350933087997406,0.0,0.0,0.05372782886557968,-0.032710659036381484,1,1,price=observed;tvl=observed;lp_amount=none,False
2026-05-12T03:00:00+00:00,0.3819170257840989,0.3992068893583434,0.37024203970267283,0.39108264328132003,0.3870222548036714,WETH,pool_swap_ratio,21,637,23.200807306010567,,25076449,2.4565671146005807,,21,11,0.0,0.0,0.0,0,0,0,,,0.042492398952253325,-0.022254959967342804,0.0,0.0,0.10355243851901241,0.010491356575110578,1,1,price=observed;tvl=observed;lp_amount=none,False
2026-05-12T04:00:00+00:00,0.3880231620253315,0.3944577869708997,0.37297614708364324,0.381633917635976,0.3824891296531548,WETH,pool_swap_ratio,19,169,27.499593292252346,,25076786,2.7338632255623083,,19,9,0.0,0.0,0.0,0,0,0,,,-0.024457083223853437,0.16998413945081128,0.0,0.0,0.11783483175837826,-0.0022359119537705974,1,1,price=observed;tvl=observed;lp_amount=none,False
2026-05-12T05:00:00+00:00,0.3735068314308084,0.4081000586673959,0.3735068314308084,0.39942720027516315,0.3939566336218035,WETH,pool_swap_ratio,17,205,26.581211059942156,,25077083,2.0380865224935603,,17,7,0.0,0.0,0.0,0,0,0,,,0.04556970318683633,-0.03396660011635597,0.0,0.0,0.0741133332712875,0.013886215350828124,1,1,price=observed;tvl=observed;lp_amount=none,False
2026-05-12T06:00:00+00:00,0.39633383480639517,0.40177825372053083,0.38829950076773695,0.38829950076773695,0.39301417129277877,WETH,pool_swap_ratio,5,85,27.080351277772426,,25077393,0.5851687813055424,,5,4,0.0,0.0,0.0,0,0,0,,,-0.02825457045520002,0.01860380473852504,0.0,0.0,0.02201437624440637,-0.011996184538418553,1,1,price=observed;tvl=observed;lp_amount=none,False
2026-05-12T07:00:00+00:00,0.38219566134864374,0.3888640812802949,0.37459241773474183,0.37459241773474183,0.38128246225888734,WETH,pool_swap_ratio,7,301,27.726726159977332,,25077674,1.1732831964047261,,7,4,0.0,0.0,0.0,0,0,0,,,-0.035938402209039384,0.023588371538950333,0.0,0.0,0.043325996194434814,-0.017546163766648748,1,1,price=observed;tvl=observed;lp_amount=none,False
2026-05-12T08:00:00+00:00,0.36866200138849453,0.36963503461997876,0.3431171940589404,0.3516507043434701,0.35797870082081934,WETH,pool_swap_ratio,27,217,28.93618695064885,,25077981,11.24947429327211,,27,11,0.0,0.0,0.0,0,0,0,,,-0.06320018312137769,0.0426961641097736,0.0,0.0,0.40572674279556226,-0.017677019506578406,1,1,price=observed;tvl=observed;lp_amount=none,False
2026-05-12T09:00:00+00:00,0.3440623166107702,0.3759289726725826,0.3386911740955593,0.3759289726725826,0.3568980162020058,WETH,pool_swap_ratio,25,157,28.788712564993613,,25078285,5.475619036584513,,25,7,0.0,0.0,0.0,0,0,0,,,0.06676185735966497,-0.00510956996873134,0.0,0.0,0.18923084254063166,0.05332323410787798,1,1,price=observed;tvl=observed;lp_amount=none,False
2026-05-12T10:00:00+00:00,0.3684242070178547,0.37818488774253217,0.3575601907967348,0.3575601907967348,0.36593134981011144,WETH,pool_swap_ratio,9,145,29.986716191234514,,25078585,1.8651016523476676,,9,4,0.0,0.0,0.0,0,0,0,,,-0.050096509251927435,0.040771104481911485,0.0,0.0,0.0647858652288462,-0.022876310044822934,1,1,price=observed;tvl=observed;lp_amount=none,False
2026-05-12T11:00:00+00:00,0.354343161187457,0.3659633955576423,0.34220807707983664,0.3659633955576423,0.35215495327117313,WETH,pool_swap_ratio,16,277,29.576648740231462,,25078873,3.6954978801349094,,16,5,0.0,0.0,0.0,0,0,0,,,0.023229602435116334,-0.013769333896233126,0.0,0.0,0.12323783159741743,0.03921126810286868,1,1,price=observed;tvl=observed;lp_amount=none,False
2026-05-12T12:00:00+00:00,0.35820955009017075,0.363727294515817,0.3367011770764326,0.3519914176717601,0.34680531010576704,WETH,pool_swap_ratio,19,25,30.812934352816068,,25079191,5.357921314484737,,19,7,0.0,0.0,0.0,0,0,0,,,-0.03892652257568675,0.040949392268309785,0.0,0.0,0.18115376632230332,0.014953945095049104,1,1,price=observed;tvl=observed;lp_amount=none,False
2026-05-12T13:00:00+00:00,0.344325919293534,0.3674639263973012,0.344325919293534,0.36620830764868456,0.35897557027730953,WETH,pool_swap_ratio,18,49,29.56738563404523,,25079488,3.078596674286092,,18,9,0.0,0.0,0.0,0,0,0,,,0.039595524393441175,-0.04126263117262114,0.0,0.0,0.0999124795787173,0.020148271833060116,1,1,price=observed;tvl=observed;lp_amount=none,False
2026-05-12T14:00:00+00:00,0.36836488347555985,0.36836488347555985,0.3432869710351068,0.34743206449280223,0.35490320241132034,WETH,pool_swap_ratio,10,793,31.20434864431896,,25079725,3.1516594152093043,,10,4,0.0,0.0,0.0,0,0,0,,,-0.05263317004977505,0.05388554755455803,0.0,0.0,0.1065924276910144,-0.021051198940322147,1,1,price=observed;tvl=observed;lp_amount=none,False
2026-05-12T15:00:00+00:00,0.34102816612341924,0.3531583054644485,0.34102816612341924,0.34513503895809916,0.34779261097541403,WETH,pool_swap_ratio,10,481,30.334032645260322,,25080050,2.2962807518495407,,10,6,0.0,0.0,0.0,0,0,0,,,-0.006633390312752771,-0.02828719290626002,0.0,0.0,0.07358848531092797,-0.007641254970487954,1,1,price=observed;tvl=observed;lp_amount=none,False
2026-05-12T16:00:00+00:00,0.35064601449241284,0.35203867186261734,0.31072613939747495,0.3258891455220863,0.3246911678896967,WETH,pool_swap_ratio,27,37,32.07659980824613,,25080386,8.521726998024766,,27,12,0.0,0.0,0.0,0,0,0,,,-0.05737847858973732,0.05585651454375093,0.0,0.0,0.2809295782621992,0.0036895910664147546,1,1,price=observed;tvl=observed;lp_amount=none,False
2026-05-12T17:00:00+00:00,0.3326052943004275,0.3470069926902691,0.3263230305225405,0.3450618870505212,0.33906112060502885,WETH,pool_swap_ratio,15,757,31.52170638843118,,25080625,3.7585852808249895,,15,10,0.0,0.0,0.0,0,0,0,,,0.057166504571612195,-0.01745038615295044,0.0,0.0,0.1171753023479361,0.01769818501981124,1,1,price=observed;tvl=observed;lp_amount=none,False
2026-05-12T18:00:00+00:00,0.3456454306243996,0.34785650372033067,0.3392904876389513,0.3461197217437259,0.3442178400262556,WETH,pool_swap_ratio,6,241,30.674729532351158,,25080967,1.0124228646333342,,6,4,0.0,0.0,0.0,0,0,0,,,0.0030609481088188055,-0.02723722685631003,0.0,0.0,0.03211827596379442,0.005525227040310332,1,1,price=observed;tvl=observed;lp_amount=none,False
2026-05-12T19:00:00+00:00,0.34009269096568695,0.35819419866551067,0.34009269096568695,0.35819419866551067,0.3515217258342545,WETH,pool_swap_ratio,6,397,29.58360629968008,,25081254,1.410986099670586,,6,3,0.0,0.0,0.0,0,0,0,,,0.034290561890297146,-0.03621880668055113,0.0,0.0,0.045998322436143636,0.018981679767930748,1,1,price=observed;tvl=observed;lp_amount=none,False
2026-05-12T20:00:00+00:00,0.36049945860842647,0.36463985723778747,0.354556062325254,0.36415106104728456,0.36050118290377986,WETH,pool_swap_ratio,14,301,29.766793510150137,,25081560,2.393638220532549,,14,6,0.0,0.0,0.0,0,0,0,,,0.016493490725572504,0.006173093788221644,0.0,0.0,0.08091096792883003,0.010124455387650944,1,1,price=observed;tvl=observed;lp_amount=none,False
2026-05-12T21:00:00+00:00,0.35467120002494523,0.36635786914692137,0.3469425505434626,0.3561905239560167,0.35799336998902537,WETH,pool_swap_ratio,17,613,29.327036590795935,,25081834,8.180936877429335,,17,11,0.0,0.0,0.0,0,0,0,,,-0.022103017077812245,-0.014883619374937767,0.0,0.0,0.27483433426041437,-0.005035976037947143,1,1,price=observed;tvl=observed;lp_amount=none,False
2026-05-12T22:00:00+00:00,0.3551946565114413,0.3551946565114413,0.33765944891178096,0.34500574067912704,0.3438314175758021,WETH,pool_swap_ratio,18,277,30.894923763349997,,25082162,3.6768864898568583,,18,7,0.0,0.0,0.0,0,0,0,,,-0.03190471080364145,0.052082049815537906,0.0,0.0,0.1253753163390133,0.0034154037219884525,1,1,price=observed;tvl=observed;lp_amount=none,False
2026-05-12T23:00:00+00:00,0.3383126996626553,0.34527739873003294,0.3304419796421284,0.3344622685613305,0.334320445982018,WETH,pool_swap_ratio,12,373,31.349596617450405,,25082454,2.436535890694377,,12,9,0.0,0.0,0.0,0,0,0,,,-0.031036982854323377,0.014609509024067751,0.0,0.0,0.07886525014134486,0.0004242115043127104,1,1,price=observed;tvl=observed;lp_amount=none,False
2026-05-13T00:00:00+00:00,0.34159522567746436,0.35680131939439186,0.3380577972781571,0.348776929833299,0.34914154148178606,WETH,pool_swap_ratio,16,853,30.090297027712673,,25082714,4.61919489226369,,16,10,0.0,0.0,0.0,0,0,0,,,0.041908474626161436,-0.040998638026116474,0.0,0.0,0.14734463567842102,-0.0010443089840860287,1,1,price=observed;tvl=observed;lp_amount=none,False
2026-05-13T01:00:00+00:00,0.34692295277725566,0.38771621716378146,0.34692295277725566,0.3713541883487752,0.38028701639923707,WETH,pool_swap_ratio,25,25,28.67638971809836,,25083081,10.254485707873721,,25,8,0.0,0.0,0.0,0,0,0,,,0.06272374444680379,-0.048128635612176195,0.0,0.0,0.3407904447878832,-0.023489700319097695,1,1,price=observed;tvl=observed;lp_amount=none,False
2026-05-13T02:00:00+00:00,0.3727729803890833,0.37402371196769213,0.3650011408809578,0.37402371196769213,0.370251264627926,WETH,pool_swap_ratio,9,193,28.501355915550565,,25083366,0.6382447627331769,,9,6,0.0,0.0,0.0,0,0,0,,,0.007162903626700936,-0.006122464163748916,0.0,0.0,0.022256803210146264,0.010188884414904287,1,1,price=observed;tvl=observed;lp_amount=none,False
2026-05-13T03:00:00+00:00,0.37543027564219433,0.3778604298367239,0.3660707134868147,0.3743508237376553,0.37172885824582846,WETH,pool_swap_ratio,11,1,28.501391646744263,,25083682,1.018943411556931,,11,4,0.0,0.0,0.0,0,0,0,,,0.0008741927342218161,1.2536656643680641e-06,0.0,0.0,0.03575069953078925,0.0070534354104219155,1,1,price=observed;tvl=observed;lp_amount=none,False
2026-05-13T04:00:00+00:00,0.3669225802092337,0.38518674368620553,0.34009173971034257,0.37474987546876476,0.3626402090491485,WETH,pool_swap_ratio,32,1,27.972376593634316,,25083982,7.540763570133623,,32,12,0.0,0.0,0.0,0,0,0,,,0.0010654155556908923,-0.018735442805916498,0.0,0.0,0.2645752763091837,0.033393060442381994,1,1,price=observed;tvl=observed;lp_amount=none,False
2026-05-13T05:00:00+00:00,0.3736959331803674,0.3736959331803674,0.3736959331803674,0.3736959331803674,0.3736959331803674,WETH,pool_swap_ratio,1,3445,28.025720575039553,,25083995,0.053343981405237405,,1,1,0.0,0.0,0.0,0,0,0,,,-0.002816350824224901,0.0019052075066156113,0.0,0.0,0.0019070235675783414,0.0,1,1,price=observed;tvl=observed;lp_amount=none,False
